Project,Uraian,Debit,Kredit,Saldo,jenis_pembayaran
0,Pembangunan di Km 9,0.0,10000000.0,163200000.0,1
0,Pembangunan di Km 9,0.0,10000000.0,153193500.0,1
0,Pembangunan di Km 9,0.0,10000000.0,143187000.0,1
0,Pembangunan di Km 9,0.0,5000000.0,138180500.0,1
0,Pembangunan di Km 9,0.0,3750000.0,134430500.0,1
0,Pembangunan di Km 9,0.0,5000000.0,129409500.0,1
0,Pembangunan di Km 9,0.0,1000000.0,128409500.0,1
1,Pembangunan di Siaga,0.0,23000.0,128386500.0,1
1,Pembangunan di Siaga,0.0,1500000.0,126886500.0,1
0,Pembangunan di Km 9,0.0,500000.0,126380000.0,1
0,Pembangunan di Km 9,0.0,400000.0,125980000.0,1
1,Pembangunan di Siaga,0.0,250000.0,125724867.0,1
0,Pembangunan di Km 9,0.0,25000000.0,100718367.0,1
0,Pembangunan di Km 9,0.0,15000000.0,85711867.0,1
0,Pembangunan di Km 9,0.0,300000.0,85411867.0,1
0,Pembangunan di Km 9,0.0,500000.0,84911867.0,1
0,Pembangunan di Km 9,0.0,750000.0,84161867.0,1
1,Pembangunan di Siaga,0.0,750000.0,83405367.0,1
0,Pembangunan di Km 9,0.0,6000000.0,77398867.0,1
0,Pembangunan di Km 9,0.0,3750000.0,73642367.0,1
0,Pembangunan di Km 9,0.0,6000000.0,67642367.0,1
1,Pembangunan di Siaga,0.0,375000.0,67260867.0,1
0,Pembangunan di Km 9,0.0,1000000.0,66260867.0,1
0,Pembangunan di Km 9,0.0,250000.0,66010867.0,1
0,Pembangunan di Km 9,0.0,300000.0,65704367.0,1
1,Pembangunan di Siaga,0.0,23000.0,65681367.0,1
0,Pembangunan di Km 9,0.0,1000000.0,64681367.0,1
0,Pembangunan di Km 9,0.0,700000.0,63981367.0,1
0,Pembangunan di Km 9,0.0,500000.0,63474867.0,1
0,Pembangunan di Km 9,0.0,2800000.0,60674867.0,1
0,Pembangunan di Km 9,0.0,300000.0,60368367.0,1
0,Pembangunan di Km 9,0.0,6000000.0,54368367.0,1
0,Pembangunan di Km 9,0.0,200000.0,54161867.0,1
1,Pembangunan di Siaga,0.0,750000.0,53411867.0,1
0,Pembangunan di Km 9,0.0,500000.0,52911867.0,1
1,Pembangunan di Siaga,0.0,95000.0,52816867.0,1
0,Pembangunan di Km 9,0.0,1500000.0,51310367.0,1
0,Pembangunan di Km 9,0.0,858000.0,50445867.0,1
0,Pembangunan di Km 9,0.0,6000000.0,44445867.0,1
0,Pembangunan di Km 9,0.0,475000.0,43970867.0,1
1,Pembangunan di Siaga,0.0,225000.0,43745867.0,1
0,Pembangunan di Km 9,0.0,200000.0,43539367.0,1
0,Pembangunan di Km 9,0.0,3000000.0,40532867.0,1
0,Pembangunan di Km 9,0.0,700000.0,39832867.0,1
0,Pembangunan di Km 9,0.0,20000000.0,19619867.0,1
1,Pembangunan di Siaga,0.0,200000.0,19306867.0,1
0,Pembangunan di Km 9,0.0,1000000.0,18300367.0,1
1,Pembangunan di Siaga (Biaya Perbaikan),0.0,150000.0,18150367.0,1
1,Pembangunan di Siaga (Biaya Perbaikan),0.0,150000.0,18000367.0,1
0,Pembangunan di Km 9,0.0,2400000.0,15601722.0,1
0,Pembangunan di Km 9,0.0,500000.0,15095222.0,1
0,Pembangunan di Km 9,0.0,5000000.0,10095222.0,1
0,Pembangunan di Km 9,0.0,1900000.0,8188722.0,1
0,Pembangunan di Km 9,0.0,750000.0,7438722.0,1
0,Pembangunan di Km 9,0.0,3750000.0,3682222.0,1
0,Pembangunan di Km 9,0.0,600000.0,3082222.0,1
0,Pembangunan di Km 9,0.0,3000000.0,75722.0,1
0,Pembangunan di Km 9,0.0,10000000.0,68701722.0,1
0,Pembangunan di Km 9,0.0,1000000.0,67701722.0,1
0,Pembangunan di Km 9,0.0,200000.0,65501722.0,1
0,Pembangunan di Km 9,0.0,500000.0,64995222.0,1
0,Pembangunan di Km 9,0.0,5000000.0,59995222.0,1
0,Pembangunan di Km 9,0.0,6500.0,59988722.0,1
0,Pembangunan di Km 9,0.0,5000000.0,54988722.0,1
0,Pembangunan di Km 9,0.0,6500.0,54982222.0,1
0,Pembangunan di Km 9,0.0,5000000.0,49982222.0,1
0,Pembangunan di Km 9,0.0,1000000.0,48975722.0,1
0,Pembangunan di Km 9,0.0,6500.0,48969222.0,1
0,Pembangunan di Km 9,0.0,427000.0,38542222.0,1
0,Pembangunan di Km 9,5000000.0,0.0,43535722.0,0
0,Pembangunan di Km 9,0.0,150000.0,38885722.0,1
0,Pembangunan di Km 9,0.0,1350000.0,36235722.0,1
0,Pembangunan di Km 9,0.0,6500.0,36229222.0,1
0,Pembangunan di Km 9,0.0,1322.0,36234507.0,1
0,Pembangunan di Km 9,0.0,11000.0,36223507.0,1
0,Pembangunan di Km 9,0.0,4000.0,36219507.0,1
0,Pembangunan di Km 9,0.0,600000.0,35619507.0,1
0,Pembangunan di Km 9,0.0,20000.0,35599507.0,1
0,Pembangunan di Km 9,0.0,3000000.0,32218507.0,1
0,Pembangunan di Km 9,0.0,3500000.0,28718507.0,1
0,Pembangunan di Km 9,0.0,6500.0,28712007.0,1
0,Pembangunan di Km 9,0.0,1350000.0,27362007.0,1
0,Pembangunan di Km 9,0.0,5000000.0,22355507.0,1
0,Pembangunan di Km 9,0.0,5000000.0,17349007.0,1
0,Pembangunan di Km 9,0.0,6500.0,17342507.0,1
0,Pembangunan di Km 9,0.0,5000000.0,7342507.0,1
0,Pembangunan di Km 9,0.0,960000.0,6376007.0,1
0,Pembangunan di Km 9,0.0,1200000.0,4656007.0,1
0,Pembangunan di Km 9,0.0,250000.0,4399507.0,1
0,Pembangunan di Km 9,0.0,175000.0,4224507.0,1
0,Pembangunan di Km 9,0.0,350000.0,3864507.0,1
0,Pembangunan di Km 9,0.0,3000.0,3861507.0,1
0,Pembangunan di Km 9,0.0,6500.0,3855007.0,1
0,Pembangunan di Km 9,0.0,6500.0,2848507.0,1
0,Pembangunan di Km 9,0.0,1000000.0,1848507.0,1
0,Pembangunan di Km 9,0.0,6500.0,1842007.0,1
0,Pembangunan di Km 9,4000000.0,0.0,5842007.0,0
0,Pembangunan di Km 9,0.0,4416000.0,1426007.0,1
0,Pembangunan di Km 9,0.0,6500.0,1069507.0,1
0,Pembangunan di Km 9,0.0,1000000.0,2524507.0,1
0,Pembangunan di Km 9,0.0,1000000.0,4505007.0,1
0,Pembangunan di Km 9,0.0,2475000.0,2023507.0,1
0,Pembangunan di Km 9,0.0,102000.0,1915007.0,1
0,Pembangunan di Km 9,0.0,10000000.0,56908507.0,1
0,Pembangunan di Km 9,0.0,520000.0,51028507.0,1
0,Pembangunan di Km 9,0.0,145000.0,50628507.0,1
0,Pembangunan di Km 9,0.0,1500.0,50602007.0,1
0,Pembangunan di Km 9,0.0,500000.0,50102007.0,1
0,Pembangunan di Km 9,0.0,6500.0,50095507.0,1
0,Pembangunan di Km 9,3500000.0,0.0,53595507.0,0
0,Pembangunan di Km 9,0.0,31000000.0,22595507.0,1
0,Pembangunan di Km 9,0.0,500000.0,22095507.0,1
0,Pembangunan di Km 9,0.0,500000.0,21089007.0,1
0,Pembangunan di Km 9,0.0,5000000.0,16082507.0,1
0,Pembangunan di Km 9,0.0,225000.0,15851007.0,1
0,Pembangunan di Km 9,0.0,1000000.0,14851007.0,1
0,Pembangunan di Km 9,0.0,500000.0,14344507.0,1
0,Pembangunan di Km 9,0.0,1640000.0,12698007.0,1
0,Pembangunan di Km 9,0.0,6500.0,10711507.0,1
0,Pembangunan di Km 9,0.0,900000.0,20811507.0,1
0,Pembangunan di Km 9,0.0,500000.0,20299702.0,1
0,Pembangunan di Km 9,0.0,6500.0,20293202.0,1
0,Pembangunan di Km 9,0.0,160000.0,20133202.0,1
0,Pembangunan di Km 9,0.0,6500.0,15373702.0,1
0,Pembangunan di Km 9,0.0,6000.0,14317702.0,1
0,Pembangunan di Km 9,0.0,2000000.0,11531202.0,1
0,Pembangunan di Km 9,0.0,5000000.0,6524702.0,1
0,Pembangunan di Km 9,0.0,6500.0,6518202.0,1
0,Pembangunan di Km 9,0.0,5000000.0,1518202.0,1
0,Pembangunan di Km 9,0.0,500000.0,1018202.0,1
0,Pembangunan di Km 9,1000000.0,0.0,2011702.0,0
0,Pembangunan di Km 9,0.0,6500.0,505202.0,1
0,Pembangunan di Km 9,0.0,40000.0,385202.0,1
0,Pembangunan di Km 9,0.0,12000.0,373202.0,1
0,Pembangunan di Km 9,0.0,6500.0,256702.0,1
0,Pembangunan di Km 9,10000000.0,0.0,10256702.0,0
0,Pembangunan di Km 9,0.0,4416000.0,2499802.0,1
0,Pembangunan di Km 9,0.0,150000.0,2349802.0,1
0,Pembangunan di Km 9,0.0,6500.0,2343302.0,1
0,Pembangunan di Km 9,0.0,1000000.0,1343302.0,1
0,Pembangunan di Km 9,0.0,100000.0,538934.0,1
0,Pembangunan di Km 9,0.0,3000.0,535934.0,1
0,Pembangunan di Km 9,0.0,6500.0,369434.0,1
0,Pembangunan di Km 9,0.0,6500.0,162934.0,1
0,Pembangunan di Km 9,0.0,1000000.0,8162934.0,1
0,Pembangunan di Km 9,0.0,1000000.0,7156434.0,1
0,Pembangunan di Km 9,0.0,6500.0,6149934.0,1
0,Pembangunan di Km 9,0.0,645000.0,5244934.0,1
0,Pembangunan di Km 9,0.0,162000.0,5082934.0,1
0,Pembangunan di Km 9,0.0,36000.0,4200434.0,1
0,Pembangunan di Km 9,0.0,325000.0,3875434.0,1
0,Pembangunan di Km 9,0.0,15000.0,3860434.0,1
0,Pembangunan di Km 9,0.0,95000.0,3765434.0,1
0,Pembangunan di Km 9,0.0,6500.0,3628934.0,1
0,Pembangunan di Km 9,0.0,150000.0,3478934.0,1
0,Pembangunan di Km 9,0.0,6500.0,3472434.0,1
0,Pembangunan di Km 9,0.0,2400000.0,1072434.0,1
0,Pembangunan di Km 9,0.0,6500.0,1065934.0,1
0,Pembangunan di Km 9,0.0,250000.0,815934.0,1
0,Pembangunan di Km 9,0.0,645000.0,170934.0,1
0,Pembangunan di Km 9,0.0,200000.0,264434.0,1
0,Setoran Keempat,25000000.0,0.0,25257934.0,0
0,Pembangunan di Km 9,0.0,6500.0,20251434.0,1
0,Pembangunan di Km 9,0.0,5000000.0,15251434.0,1
0,Pembangunan di Km 9,0.0,5000000.0,10244934.0,1
0,Pembangunan di Km 9,0.0,5000000.0,5238434.0,1
0,Pembangunan di Km 9,0.0,6500.0,5231934.0,1
0,Pembangunan di Km 9,0.0,2100000.0,3131934.0,1
0,Pembangunan di Km 9,0.0,6500.0,3125434.0,1
0,Pembangunan di Km 9,7500000.0,0.0,10625434.0,0
0,Pembangunan di Km 9,0.0,6630000.0,3995434.0,1
0,Pembangunan di Km 9,0.0,6500.0,3988934.0,1
0,Pembangunan di Km 9,0.0,500000.0,3488934.0,1
0,Pembangunan di Km 9,0.0,6500.0,3482434.0,1
0,Pembangunan di Km 9,0.0,365000.0,3117434.0,1
0,Pembangunan di Km 9,0.0,460000.0,2657434.0,1
0,Pembangunan di Km 9,0.0,270000.0,2387434.0,1
0,Pembangunan di Km 9,0.0,600000.0,1787434.0,1
0,Pembangunan di Km 9,0.0,6500.0,1780934.0,1
0,Pembangunan di Km 9,0.0,200000.0,1580934.0,1
0,Setoran Kelima,28000000.0,0.0,29574434.0,0
0,Pembangunan di Km 9,0.0,800000.0,28774434.0,1
0,Pembangunan di Km 9,0.0,6500.0,28767934.0,1
0,Pembangunan di Km 9,0.0,1180000.0,27587934.0,1
0,Pembangunan di Km 9,0.0,6500.0,25581434.0,1
0,Pembangunan di Km 9,0.0,6500.0,24724934.0,1
0,Pembangunan di Km 9,0.0,2400000.0,22324934.0,1
0,Pembangunan di Km 9,0.0,25000.0,22293434.0,1
0,Pembangunan di Km 9,0.0,6500.0,22286934.0,1
0,Pembangunan di Km 9,0.0,5000000.0,16436934.0,1
0,Pembangunan di Km 9,0.0,6500.0,11430434.0,1
0,Pembangunan di Km 9,0.0,6500.0,10923934.0,1
0,Pembangunan di Km 9,0.0,11000.0,10913713.0,1
0,Pembangunan di Km 9,0.0,4000.0,10909713.0,1
0,Pembangunan di Km 9,0.0,200000.0,10709713.0,1
0,Pembangunan di Km 9,0.0,560000.0,10143213.0,1
0,Pembangunan di Km 9,0.0,6500.0,9412367.0,1
0,Pembangunan di Km 9,0.0,6500.0,8905867.0,1
0,Pembangunan di Km 9,0.0,6500.0,8724367.0,1
0,Pembangunan di Km 9,7500000.0,0.0,11224367.0,0
0,Pembangunan di Km 9,0.0,6500.0,8717867.0,1
0,Pembangunan di Km 9,500000.0,0.0,15217867.0,0
0,Pembangunan di Km 9,0.0,300000.0,14706337.0,1
0,Pembangunan di Km 9,0.0,6500.0,14699837.0,1
0,Pembangunan di Km 9,0.0,850000.0,13849837.0,1
0,Pembangunan di Km 9,0.0,6500.0,12993337.0,1
0,Pembangunan di Km 9,0.0,4416000.0,8577337.0,1
0,Pembangunan di Km 9,200000.0,0.0,9777337.0,0
0,Pembangunan di Km 9,0.0,6500.0,9570837.0,1
0,Pembangunan di Km 9,0.0,250000.0,9320837.0,1
0,Pembangunan di Km 9,0.0,6500.0,9014337.0,1
0,Pembangunan di Km 9,0.0,275000.0,7986337.0,1
0,Pembangunan di Km 9,0.0,90000.0,5175337.0,1
0,Pembangunan di Km 9,0.0,30000.0,5020337.0,1
0,Pembangunan di Km 9,0.0,6500.0,5013837.0,1
0,Pembangunan di Km 9,0.0,300000.0,4713837.0,1
0,Pembangunan di Km 9,0.0,6500.0,4707337.0,1
0,Setoran Keenam,20000000.0,0.0,24707337.0,0
0,Pembangunan di Km 9,0.0,1000000.0,23707337.0,1
0,Pembangunan di Km 9,0.0,6500.0,23700837.0,1
0,Pembangunan di Km 9,0.0,1000000.0,22700837.0,1
0,Pembangunan di Km 9,0.0,1000000.0,21694337.0,1
0,Pembangunan di Km 9,0.0,2400000.0,19287837.0,1
0,Pembangunan di Km 9,0.0,6500.0,19281337.0,1
0,Pembangunan di Km 9,0.0,700000.0,18581337.0,1
0,Pembangunan di Km 9,0.0,6500.0,18574837.0,1
0,Pembangunan di Km 9,0.0,850000.0,17724837.0,1
0,Pembangunan di Km 9,0.0,500000.0,17224837.0,1
0,Pembangunan di Km 9,0.0,6500.0,17218337.0,1
0,Pembangunan di Km 9,0.0,1600000.0,15618337.0,1
0,Pembangunan di Km 9,0.0,2000000.0,12018337.0,1
0,Pembangunan di Km 9,0.0,600000.0,11411837.0,1
0,Pembangunan di Km 9,0.0,6500.0,11405337.0,1
0,Pembangunan di Km 9,0.0,115000.0,11015337.0,1
0,Pembangunan di Km 9,0.0,60000.0,10955337.0,1
0,Pembangunan di Km 9,0.0,30000.0,10925337.0,1
0,Pembangunan di Km 9,0.0,25000.0,10864337.0,1
0,Pembangunan di Km 9,0.0,23000.0,10691337.0,1
0,Pembangunan di Km 9,0.0,10000.0,10681337.0,1
0,Pembangunan di Km 9,0.0,500000.0,10181337.0,1
0,Pembangunan di Km 9,0.0,6500.0,10174837.0,1
0,Pembangunan di Km 9,0.0,500000.0,9674837.0,1
0,Pembangunan di Km 9,0.0,6500.0,9668337.0,1
0,Pembangunan di Km 9,0.0,1020000.0,8648337.0,1
0,Pembangunan di Km 9,0.0,476000.0,8172337.0,1
0,Pembangunan di Km 9,0.0,70000.0,8102337.0,1
0,Pembangunan di Km 9,0.0,38000.0,8064337.0,1
0,Pembangunan di Km 9,0.0,1330000.0,6719337.0,1
0,Pembangunan di Km 9,0.0,3250000.0,3462837.0,1
0,Pembangunan di Km 9,0.0,850000.0,2612837.0,1
0,Pembangunan di Km 9,0.0,6500.0,2606337.0,1
0,Pembangunan di Km 9,0.0,100000.0,2506337.0,1
0,Pembangunan di Km 9,0.0,3000.0,2503337.0,1
0,Setoran Ketujuh,10000000.0,0.0,12503337.0,0
0,Pembangunan di Km 9,0.0,6500.0,9496837.0,1
0,Pembangunan di Km 9,0.0,500000.0,8996837.0,1
0,Pembangunan di Km 9,0.0,108000.0,8882337.0,1
0,Pembangunan di Km 9,0.0,240000.0,8642337.0,1
0,Pembangunan di Km 9,0.0,192000.0,8450337.0,1
0,Pembangunan di Km 9,0.0,240000.0,8210337.0,1
0,Pembangunan di Km 9,0.0,2200000.0,5800337.0,1
0,Pembangunan di Km 9,0.0,1400000.0,3800337.0,1
0,Pembangunan di Km 9,0.0,600000.0,3200337.0,1
0,Pembangunan di Km 9,0.0,6500.0,3193837.0,1
0,Setoran Tunai,10000000.0,0.0,13193837.0,0
0,Setoran Tunai,30000000.0,0.0,43193837.0,0
0,Pembangunan di Km 9,0.0,5000000.0,38193837.0,1
0,Pembangunan di Km 9,0.0,6500.0,38187337.0,1
0,Pembangunan di Km 9,0.0,5000000.0,33187337.0,1
0,Pembangunan di Km 9,0.0,6500.0,33180837.0,1
0,Pembangunan di Km 9,0.0,6500.0,28174337.0,1
0,Pembangunan di Km 9,0.0,102000.0,28072337.0,1
0,Pembangunan di Km 9,0.0,6500.0,28065837.0,1
0,Pembangunan di Km 9,0.0,6500.0,27659337.0,1
0,Pembangunan di Km 9,0.0,6500.0,22652837.0,1
0,Pembangunan di Km 9,0.0,463.0,22654689.0,1
0,Pembangunan di Km 9,0.0,4000.0,22639689.0,1
0,Pembangunan di Km 9,0.0,6500.0,20633189.0,1
0,Pembangunan di Km 9,0.0,6500.0,19718189.0,1
0,Pembangunan di Km 9,0.0,1300000.0,20918189.0,1
0,Pembangunan di Km 9,240000.0,0.0,21151689.0,0
0,Pembangunan di Km 9,0.0,460000.0,19659689.0,1
0,Pembangunan di Km 9,0.0,220000.0,18949689.0,1
0,Pembangunan di Km 9,0.0,25000.0,18924689.0,1
0,Pembangunan di Km 9,0.0,6500.0,18883189.0,1
0,Pembangunan di Km 9,0.0,1200000.0,17683189.0,1
0,Pembangunan di Km 9,0.0,1200000.0,16483189.0,1
0,Pembangunan di Km 9,0.0,6500.0,16476689.0,1
0,Pembangunan di Km 9,0.0,500000.0,15976689.0,1
0,Pembangunan di Km 9,0.0,6500.0,15970189.0,1
0,Pembangunan di Km 9,0.0,1000000.0,14970189.0,1
0,Pembangunan di Km 9,0.0,6500.0,14113689.0,1
0,Pembangunan di Km 9,0.0,300000.0,13813689.0,1
0,Pembangunan di Km 9,0.0,54000.0,13753189.0,1
0,Pembangunan di Km 9,0.0,155000.0,13513189.0,1
0,Pembangunan di Km 9,0.0,95000.0,13418189.0,1
0,Pembangunan di Km 9,0.0,10000.0,13390189.0,1
0,Pembangunan di Km 9,0.0,8000.0,13354189.0,1
0,Pembangunan di Km 9,0.0,4000.0,13350189.0,1
0,Pembangunan di Km 9,0.0,44000.0,13306189.0,1
0,Pembangunan di Km 9,0.0,57000.0,13249189.0,1
0,Pembangunan di Km 9,0.0,180000.0,13069189.0,1
0,Pembangunan di Km 9,0.0,2000.0,13067189.0,1
0,Pembangunan di Km 9,0.0,6500.0,13060689.0,1
0,Pembangunan di Km 9,0.0,4416000.0,8644689.0,1
0,Pembangunan di Km 9,0.0,1500000.0,7144689.0,1
0,Pembangunan di Km 9,0.0,6500.0,7138189.0,1
0,Setoran Tunai,121600000.0,0.0,128738189.0,0
0,Pembangunan di Km 9,0.0,6080000.0,122658189.0,1
0,Pembangunan di Km 9,0.0,855000.0,121803189.0,1
0,Pembangunan di Km 9,0.0,165000.0,121548189.0,1
0,Pembangunan di Km 9,0.0,198000.0,121350189.0,1
0,Pembangunan di Km 9,0.0,6500.0,111343689.0,1
0,Pembangunan di Km 9,0.0,10000000.0,101343689.0,1
0,Pembangunan di Km 9,0.0,6500.0,101337189.0,1
0,Pembangunan di Km 9,0.0,10000000.0,91337189.0,1
0,Pembangunan di Km 9,0.0,6500.0,91330689.0,1
0,Pembangunan di Km 9,0.0,500000.0,90830689.0,1
0,Pembangunan di Km 9,0.0,2500000.0,88330689.0,1
0,Pembangunan di Km 9,0.0,400000.0,74930689.0,1
0,Pembangunan di Km 9,0.0,850000.0,74074189.0,1
0,Pembangunan di Km 9,0.0,6500.0,73217689.0,1
0,Pembangunan di Km 9,0.0,1200000.0,72017689.0,1
0,Pembangunan di Km 9,0.0,3375000.0,68642689.0,1
0,Pembangunan di Km 9,0.0,6500.0,68636189.0,1
0,Pembangunan di Km 9,0.0,6500.0,68329689.0,1
0,Pembangunan di Km 9,0.0,700000.0,67629689.0,1
0,Pembangunan di Km 9,0.0,6500.0,67443189.0,1
0,Pembangunan di Km 9,0.0,1500000.0,65943189.0,1
0,Pembangunan di Km 9,0.0,2100000.0,63836689.0,1
0,Pembangunan di Km 9,0.0,2475000.0,61355189.0,1
0,Pembangunan di Km 9,0.0,1419000.0,59936189.0,1
0,Pembangunan di Km 9,0.0,340000.0,55416189.0,1
0,Pembangunan di Km 9,0.0,400000.0,55009689.0,1
0,Pembangunan di Km 9,0.0,900000.0,54103189.0,1
0,Pembangunan di Km 9,0.0,6500.0,54096689.0,1
0,Pembangunan di Km 9,0.0,2400000.0,51696689.0,1
0,Pembangunan di Km 9,0.0,6500.0,51690189.0,1
0,Pembangunan di Km 9,0.0,100000.0,50690189.0,1
0,Pembangunan di Km 9,0.0,6500.0,50649689.0,1
0,Pembangunan di Km 9,0.0,6500.0,49203189.0,1
0,Pembangunan di Km 9,0.0,6500.0,46796689.0,1
0,Pembangunan di Km 9,0.0,3700000.0,43096689.0,1
0,Pembangunan di Km 9,0.0,1500000.0,41596689.0,1
0,Pembangunan di Km 9,0.0,10000000.0,31590189.0,1
0,Pembangunan di Km 9,0.0,600000.0,30983689.0,1
0,Pembangunan di Km 9,0.0,400000.0,30577189.0,1
0,Pembangunan di Km 9,0.0,6500.0,30570689.0,1
0,Pembangunan di Km 9,0.0,6500.0,25364189.0,1
0,Pembangunan di Km 9,0.0,6500.0,24157689.0,1
0,Pembangunan di Km 9,0.0,6500.0,24001189.0,1
0,Pembangunan di Km 9,0.0,6500.0,18994689.0,1
0,Pembangunan di Km 9,0.0,6500.0,17988189.0,1
0,Pembangunan di Km 9,0.0,6500.0,15881689.0,1
0,Pembangunan di Km 9,0.0,6500.0,15125189.0,1
0,Pembangunan di Km 9,0.0,3000.0,15102189.0,1
0,Pembangunan di Km 9,0.0,6500.0,14795689.0,1
0,Pembangunan di Km 9,0.0,1000000.0,163795689.0,1
0,Pembangunan di Km 9,0.0,3000000.0,160789189.0,1
0,Pembangunan di Km 9,0.0,850000.0,159932689.0,1
0,Pembangunan di Km 9,0.0,1500000.0,158426189.0,1
0,Pembangunan di Km 9,0.0,6500.0,158419689.0,1
0,Pembangunan di Km 9,0.0,1500000.0,155419689.0,1
0,Pembangunan di Km 9,0.0,6500.0,155053189.0,1
0,Pembangunan di Km 9,0.0,6500.0,154046689.0,1
0,Pembangunan di Km 9,0.0,6500.0,153865189.0,1
0,Pembangunan di Km 9,0.0,100000.0,153765189.0,1
0,Pembangunan di Km 9,0.0,12000.0,153753189.0,1
0,Pembangunan di Km 9,0.0,26000.0,153724189.0,1
0,Pembangunan di Km 9,0.0,15000.0,153686189.0,1
0,Pembangunan di Km 9,0.0,6500.0,148679689.0,1
0,Pembangunan di Km 9,0.0,80000.0,148599689.0,1
0,Pembangunan di Km 9,0.0,21000.0,148578689.0,1
0,Pembangunan di Km 9,0.0,6500.0,148572189.0,1
0,Pembangunan di Km 9,0.0,500000.0,148072189.0,1
0,Pembangunan di Km 9,0.0,6500.0,148065689.0,1
0,Pembangunan di Km 9,0.0,290000.0,147775689.0,1
0,Pembangunan di Km 9,0.0,6500.0,147579189.0,1
0,Pembangunan di Km 9,0.0,500000.0,147079189.0,1
0,Pembangunan di Km 9,0.0,95000.0,146977689.0,1
0,Pembangunan di Km 9,0.0,40000.0,146917689.0,1
0,Pembangunan di Km 9,0.0,6500.0,146911189.0,1
0,Pembangunan di Km 9,0.0,6500.0,146154689.0,1
0,Pembangunan di Km 9,0.0,6500.0,146031189.0,1
0,Pembangunan di Km 9,0.0,1200000.0,144831189.0,1
0,Pembangunan di Km 9,0.0,300000.0,144531189.0,1
0,Pembangunan di Km 9,0.0,250000.0,144274689.0,1
0,Pembangunan di Km 9,0.0,132000.0,144042689.0,1
0,Pembangunan di Km 9,0.0,15000.0,144012689.0,1
0,Pembangunan di Km 9,0.0,15000.0,143997689.0,1
0,Pembangunan di Km 9,0.0,6500.0,143972189.0,1
0,Pembangunan di Km 9,0.0,1300000.0,142672189.0,1
0,Pembangunan di Km 9,0.0,6500.0,142665689.0,1
0,Pembangunan di Km 9,0.0,500000.0,142165689.0,1
0,Pembangunan di Km 9,0.0,6500.0,142159189.0,1
0,Pembangunan di Km 9,0.0,2025000.0,140134189.0,1
0,Pembangunan di Km 9,0.0,6500.0,140127689.0,1
0,Pembangunan di Km 9,0.0,1140000.0,137532689.0,1
0,Pembangunan di Km 9,0.0,720000.0,136497689.0,1
0,Pembangunan di Km 9,0.0,900000.0,135342689.0,1
0,Pembangunan di Km 9,0.0,3750000.0,131586189.0,1
0,Pembangunan di Km 9,0.0,6500.0,131579689.0,1
0,Pembangunan di Km 9,0.0,100000.0,131479689.0,1
0,Pembangunan di Km 9,0.0,3000.0,131476689.0,1
0,Pembangunan di Km 9,0.0,559000.0,130917689.0,1
0,Pembangunan di Km 9,0.0,6500.0,130911189.0,1
0,Pembangunan di Km 9,0.0,6500.0,130704689.0,1
0,Pembangunan di Km 9,0.0,6500.0,124198189.0,1
0,Pembangunan di Km 9,0.0,1000000.0,122698189.0,1
0,Pembangunan di Km 9,0.0,6500.0,120691689.0,1
0,Pembangunan di Km 9,0.0,6500.0,119585189.0,1
0,Pembangunan di Km 9,0.0,6500.0,116328689.0,1
0,Pembangunan di Km 9,0.0,408000.0,115920689.0,1
0,Pembangunan di Km 9,0.0,6500.0,115914189.0,1
0,Pembangunan di Km 9,0.0,2500000.0,113055189.0,1
0,Pembangunan di Km 9,0.0,30000.0,112725189.0,1
0,Pembangunan di Km 9,0.0,35000.0,112666189.0,1
0,Pembangunan di Km 9,0.0,6500.0,112439689.0,1
0,Pembangunan di Km 9,0.0,500000.0,111939689.0,1
0,Pembangunan di Km 9,0.0,6500.0,111933189.0,1
0,Pembangunan di Km 9,0.0,1300000.0,110633189.0,1
0,Pembangunan di Km 9,0.0,850000.0,109783189.0,1
0,Pembangunan di Km 9,0.0,6500.0,109776689.0,1
0,Pembangunan di Km 9,0.0,6500000.0,103276689.0,1
0,Pembangunan di Km 9,0.0,6500.0,102070189.0,1
0,Pembangunan di Km 9,0.0,750000.0,97620189.0,1
0,Pembangunan di Km 9,0.0,6500.0,97613689.0,1
0,Pembangunan di Km 9,0.0,6500.0,97507189.0,1
0,Pembangunan di Km 9,0.0,400000.0,97107189.0,1
0,Pembangunan di Km 9,0.0,1200000.0,95900689.0,1
0,Pembangunan di Km 9,0.0,6500.0,95894189.0,1
0,Pembangunan di Km 9,0.0,6500.0,94887689.0,1
0,Pembangunan di Km 9,0.0,2663.0,94898338.0,1
0,Pembangunan di Km 9,0.0,4000.0,94883338.0,1
0,Pembangunan di Km 9,0.0,6500.0,93076838.0,1
0,Pembangunan di Km 9,0.0,6500.0,83778338.0,1
0,Pembangunan di Km 9,0.0,300000.0,82978338.0,1
0,Pembangunan di Km 9,0.0,578000.0,82393838.0,1
0,Pembangunan di Km 9,0.0,2000000.0,80387338.0,1
0,Setoran Tunai,10000000.0,0.0,90380838.0,0
0,Pembangunan di Km 9,0.0,1240000.0,89140838.0,1
0,Pembangunan di Km 9,0.0,40000.0,88527838.0,1
0,Pembangunan di Km 9,0.0,8920000.0,79571838.0,1
0,Pembangunan di Km 9,0.0,5000000.0,74565338.0,1
0,Pembangunan di Km 9,0.0,6500.0,74558838.0,1
0,Pembangunan di Km 9,0.0,5000000.0,69558838.0,1
0,Pembangunan di Km 9,0.0,6500.0,69552338.0,1
0,Pembangunan di Km 9,0.0,5000000.0,64552338.0,1
0,Pembangunan di Km 9,0.0,300000.0,64252338.0,1
0,Pembangunan di Km 9,0.0,100000.0,64145838.0,1
0,Pembangunan di Km 9,0.0,3120000.0,61022838.0,1
0,Pembangunan di Km 9,0.0,720000.0,59462838.0,1
0,Pembangunan di Km 9,0.0,6500.0,59456338.0,1
0,Pembangunan di Km 9,0.0,500000.0,68956338.0,1
0,Setoran Tunai,5000000.0,0.0,73949838.0,0
0,Pembangunan di Km 9,0.0,3016000.0,70933838.0,1
0,Pembangunan di Km 9,0.0,6500.0,70927338.0,1
0,Pembangunan di Km 9,0.0,6500.0,68420838.0,1
0,Pembangunan di Km 9,0.0,2550000.0,65870838.0,1
0,Pembangunan di Km 9,0.0,1200000.0,64664338.0,1
0,Pembangunan di Km 9,0.0,6500.0,64657838.0,1
0,Pembangunan di Km 9,0.0,6500.0,59651338.0,1
0,Pembangunan di Km 9,0.0,120000.0,59423338.0,1
0,Pembangunan di Km 9,0.0,145000.0,59062338.0,1
0,Pembangunan di Km 9,0.0,36000.0,58283838.0,1
0,Pembangunan di Km 9,0.0,192000.0,57371838.0,1
0,Pembangunan di Km 9,0.0,2905000.0,54466838.0,1
0,Pembangunan di Km 9,0.0,6500.0,54460338.0,1
0,Pembangunan di Km 9,0.0,750000.0,53710338.0,1
0,Pembangunan di Km 9,0.0,950000.0,52760338.0,1
0,Pembangunan di Km 9,0.0,6500.0,52753838.0,1
0,Pembangunan di Km 9,0.0,200000.0,52553838.0,1
0,Pembangunan di Km 9,0.0,6500.0,52547338.0,1
0,Pembangunan di Km 9,0.0,600000.0,51947338.0,1
0,Pembangunan di Km 9,0.0,25000.0,51915838.0,1
0,Pembangunan di Km 9,0.0,1500.0,51914338.0,1
0,Pembangunan di Km 9,0.0,2500000.0,49214338.0,1
0,Pembangunan di Km 9,0.0,3000000.0,46207838.0,1
0,Pembangunan di Km 9,0.0,6500.0,46101338.0,1
0,Pembangunan di Km 9,0.0,6500.0,44594838.0,1
0,Pembangunan di Km 9,0.0,850000.0,43744838.0,1
0,Pembangunan di Km 9,80000.0,0.0,42974838.0,0
0,Pembangunan di Km 9,0.0,4416000.0,38558838.0,1
0,Pembangunan di Km 9,0.0,4000000.0,42058838.0,1
0,Pembangunan di Km 9,0.0,2400000.0,39652338.0,1
0,Pembangunan di Km 9,0.0,6500.0,39645838.0,1
0,Pembangunan di Km 9,0.0,1700000.0,37945838.0,1
0,Pembangunan di Km 9,0.0,6500.0,37939338.0,1
0,Pembangunan di Km 9,0.0,6500.0,37632838.0,1
0,Pembangunan di Km 9,0.0,900000.0,36732838.0,1
0,Pembangunan di Km 9,0.0,100000.0,34532838.0,1
0,Pembangunan di Km 9,0.0,200000.0,34326338.0,1
0,Pembangunan di Km 9,0.0,6500.0,33713338.0,1
0,Pembangunan di Km 9,0.0,250000.0,33463338.0,1
0,Pembangunan di Km 9,0.0,6500.0,33456838.0,1
2,Pembangunan di Km 4,0.0,50000.0,33354338.0,1
0,Pembangunan di Km 9,0.0,19000.0,33225338.0,1
2,Pembangunan di Km 4,0.0,238238.0,32980600.0,1
0,Pembangunan di Km 9,0.0,15000.0,32951600.0,1
0,Pembangunan di Km 9,0.0,24000.0,32927600.0,1
0,Pembangunan di Km 9,0.0,6000.0,32921600.0,1
0,Pembangunan di Km 9,0.0,57000.0,32864600.0,1
0,Pembangunan di Km 9,0.0,275000.0,32577600.0,1
0,Pembangunan di Km 9,0.0,400000.0,32177600.0,1
0,Pembangunan di Km 9,0.0,6500.0,32171100.0,1
0,Pembangunan di Km 9,0.0,171000.0,32000100.0,1
0,Pembangunan di Km 9,0.0,105000.0,31895100.0,1
0,Pembangunan di Km 9,0.0,15000.0,31880100.0,1
0,Pembangunan di Km 9,0.0,3000000.0,28880100.0,1
0,Pembangunan di Km 9,0.0,6500.0,28873600.0,1
0,Pembangunan di Km 9,0.0,3500000.0,25373600.0,1
2,Pembangunan di Km 4,0.0,3750000.0,21617100.0,1
2,Pembangunan di Km 4,0.0,750000.0,20867100.0,1
2,Pembangunan di Km 4,0.0,6500.0,20860600.0,1
0,Pembangunan di Km 9,0.0,850000.0,20010600.0,1
0,Pembangunan di Km 9,0.0,6500.0,18504100.0,1
0,Pembangunan di Km 9,0.0,57000.0,17827100.0,1
0,Pembangunan di Km 9,0.0,210000.0,17617100.0,1
0,Pembangunan di Km 9,0.0,600000.0,15017100.0,1
0,Pembangunan di Km 9,0.0,1750000.0,11814100.0,1
0,Pembangunan di Km 9,0.0,350000.0,11164100.0,1
0,Pembangunan di Km 9,0.0,1650000.0,9514100.0,1
0,Pembangunan di Km 9,0.0,550000.0,8964100.0,1
0,Pembangunan di Km 9,0.0,6500.0,8957600.0,1
0,Pembangunan di Km 9,0.0,25000.0,8932600.0,1
0,Pembangunan di Km 9,0.0,6500.0,8926100.0,1
0,Pembangunan di Km 9,0.0,500000.0,8426100.0,1
0,Pembangunan di Km 9,0.0,275000.0,8151100.0,1
0,Pembangunan di Km 9,0.0,575000.0,7576100.0,1
0,Pembangunan di Km 9,0.0,690000.0,6886100.0,1
0,Pembangunan di Km 9,0.0,200000.0,5986100.0,1
0,Pembangunan di Km 9,0.0,250000.0,5436100.0,1
0,Pembangunan di Km 9,0.0,6500.0,5429600.0,1
0,Pembangunan di Km 9,0.0,840000.0,4589600.0,1
0,Pembangunan di Km 9,0.0,6500.0,4583100.0,1
0,Pembangunan di Km 9,0.0,1238000.0,3345100.0,1
0,Pembangunan di Km 9,0.0,3000.0,3342100.0,1
0,Pembangunan di Km 9,0.0,2150000.0,1192100.0,1
0,Pembangunan di Km 9,0.0,1000000.0,192100.0,1
0,Pembangunan di Km 9,0.0,1000000.0,4192100.0,1
0,Pembangunan di Km 9,0.0,425000.0,3760600.0,1
0,Pembangunan di Km 9,0.0,3000.0,3707600.0,1
0,Pembangunan di Km 9,0.0,19000.0,3688600.0,1
0,Pembangunan di Km 9,0.0,6500.0,3682100.0,1
0,Pembangunan di Km 9,0.0,189000.0,3493100.0,1
0,Pembangunan di Km 9,0.0,10000.0,3471100.0,1
0,Pembangunan di Km 9,0.0,6000.0,3465100.0,1
0,Pembangunan di Km 9,0.0,6000.0,3459100.0,1
0,Pembangunan di Km 9,0.0,6500.0,3452600.0,1
0,Pembangunan di Km 9,0.0,6500.0,3346100.0,1
0,Setoran Tunai,13875000.0,0.0,17221100.0,0
0,Setoran Tunai,50000000.0,0.0,67221100.0,0
0,Pembangunan di Km 9,0.0,2100000.0,65121100.0,1
0,Pembangunan di Km 9,0.0,6500.0,65114600.0,1
0,Pembangunan di Km 9,0.0,50000000.0,1239600.0,1
0,Pembangunan di Km 9,0.0,200000.0,51039600.0,1
0,Pembangunan di Km 9,0.0,6500.0,51033100.0,1
0,Pembangunan di Km 9,0.0,1500000.0,49533100.0,1
0,Pembangunan di Km 9,0.0,260000.0,47943100.0,1
0,Setoran Tunai,225000000.0,0.0,272943100.0,0
0,Pembangunan di Km 9,0.0,100000000.0,172943100.0,1
0,Pembangunan di Km 9,0.0,15000000.0,157943100.0,1
0,Pembangunan di Km 9,0.0,15000000.0,142936600.0,1
0,Pembangunan di Km 9,0.0,6500.0,142930100.0,1
0,Pembangunan di Km 9,0.0,15000000.0,127930100.0,1
0,Pembangunan di Km 9,0.0,6500.0,127923600.0,1
0,Pembangunan di Km 9,0.0,250000.0,127673600.0,1
0,Pembangunan di Km 9,0.0,25290000.0,102383600.0,1
0,Pembangunan di Km 9,0.0,50000000.0,326331600.0,1
0,Pembangunan di Km 9,0.0,6500.0,326325100.0,1
0,Pembangunan di Km 9,0.0,50000000.0,276325100.0,1
0,Pembangunan di Km 9,0.0,6500.0,276318600.0,1
0,Pembangunan di Km 9,0.0,4000000.0,272318600.0,1
0,Pembangunan di Km 9,0.0,6500.0,272312100.0,1
0,Pembangunan di Km 9,0.0,1600000.0,270712100.0,1
0,Pembangunan di Km 9,0.0,6500.0,270705600.0,1
0,Pembangunan di Km 9,0.0,24000000.0,193705600.0,1
0,Setoran Tunai,10000000.0,0.0,256705600.0,0
0,Pembangunan di Km 9,0.0,630000.0,258575600.0,1
0,Pembangunan di Km 9,0.0,12500000.0,233575600.0,1
0,Pembangunan di Km 9,0.0,5000000.0,228575600.0,1
0,Pembangunan di Km 9,0.0,6500.0,228569100.0,1
0,Pembangunan di Km 9,0.0,5000000.0,223569100.0,1
0,Pembangunan di Km 9,0.0,6500.0,223562600.0,1
0,Pembangunan di Km 9,0.0,5000000.0,218562600.0,1
0,Pembangunan di Km 9,0.0,1238000.0,271978100.0,1
0,Pembangunan di Km 9,0.0,3000.0,271975100.0,1
0,Pembangunan di Km 9,0.0,250000.0,271725100.0,1
0,Pembangunan di Km 9,0.0,25000.0,271700100.0,1
0,Pembangunan di Km 9,0.0,20000.0,271674100.0,1
0,Pembangunan di Km 9,0.0,8000.0,271666100.0,1
0,Pembangunan di Km 9,0.0,30000.0,271636100.0,1
0,Pembangunan di Km 9,0.0,6500.0,271623600.0,1
0,Setoran Tunai,60000000.0,0.0,331623600.0,0
0,Pembangunan di Km 9,0.0,120000000.0,271623600.0,1
0,Pembangunan di Km 9,0.0,23323492.0,248300108.0,1
0,Pembangunan di Km 9,0.0,6500.0,248293608.0,1
0,Pembangunan di Km 9,0.0,24306065.0,223987543.0,1
0,Pembangunan di Km 9,0.0,100000.0,223881043.0,1
0,Pembangunan di Km 9,0.0,3000.0,223878043.0,1
0,Pembangunan di Km 9,0.0,500000.0,223378043.0,1
0,Pembangunan di Km 9,0.0,500000.0,222878043.0,1
0,Pembangunan di Km 9,0.0,130000000.0,175559342.0,1
0,Pembangunan di Km 9,0.0,180000.0,175204342.0,1
0,Pembangunan di Km 9,0.0,100000.0,175104342.0,1
0,Pembangunan di Km 9,0.0,25000.0,174839342.0,1
0,Pembangunan di Km 9,0.0,260000.0,174579342.0,1
0,Pembangunan di Km 9,0.0,100000.0,174479342.0,1
0,Pembangunan di Km 9,0.0,15000.0,174464342.0,1
0,Pembangunan di Km 9,0.0,-230000.0,174694342.0,0
0,Pembangunan di Km 9,0.0,6350000.0,168344342.0,1
0,Pembangunan di Km 9,0.0,6500.0,168337842.0,1
0,Pembangunan di Km 9,0.0,2400000.0,165937842.0,1
0,Pembangunan di Km 9,0.0,6500.0,165931342.0,1
0,Setoran Tunai,50000000.0,0.0,215931342.0,0
0,Pembangunan di Km 9,0.0,500000.0,215431342.0,1
0,Pembangunan di Km 9,0.0,500000.0,214931342.0,1
0,Pembangunan di Km 9,0.0,6500.0,214924842.0,1
0,Pembangunan di Km 9,0.0,142141000.0,214924842.0,1
0,Pembangunan di Km 9,0.0,2880000.0,212014842.0,1
0,Pembangunan di Km 9,0.0,840000.0,211174842.0,1
0,Pembangunan di Km 9,0.0,85000.0,211089842.0,1
0,Pembangunan di Km 9,0.0,6500.0,210409842.0,1
0,Pembangunan di Km 9,0.0,3000000.0,207409842.0,1
0,Pembangunan di Km 9,0.0,1700000.0,205709842.0,1
0,Pembangunan di Km 9,0.0,400000.0,205309842.0,1
0,Pembangunan di Km 9,0.0,7500.0,205302342.0,1
0,Pembangunan di Km 9,0.0,3000000.0,199302342.0,1
0,Pembangunan di Km 9,0.0,1000000.0,198295842.0,1
0,Pembangunan di Km 9,0.0,6500.0,198289342.0,1
0,Pembangunan di Km 9,0.0,1400000.0,196889342.0,1
0,Pembangunan di Km 9,0.0,1300000.0,193889342.0,1
0,Pembangunan di Km 9,0.0,6500.0,193882842.0,1
0,Pembangunan di Km 9,0.0,1000.0,193681842.0,1
0,Pembangunan di Km 9,0.0,500000.0,199531842.0,1
0,Pembangunan di Km 9,0.0,7500.0,199524342.0,1
0,Pembangunan di Km 9,0.0,8330000.0,191194342.0,1
0,Pembangunan di Km 9,0.0,5000000.0,186187842.0,1
0,Pembangunan di Km 9,0.0,1300000.0,184881342.0,1
0,Pembangunan di Km 9,0.0,185295.0,184696047.0,1
0,Pembangunan di Km 9,0.0,110000.0,184322047.0,1
0,Pembangunan di Km 9,0.0,6500.0,184258547.0,1
0,Pembangunan di Km 9,0.0,6500.0,183772047.0,1
0,Pembangunan di Km 9,0.0,300000.0,188045047.0,1
0,Pembangunan di Km 9,0.0,840000.0,187205047.0,1
0,Pembangunan di Km 9,0.0,6500.0,187198547.0,1
0,Pembangunan di Km 9,0.0,180000.0,187018547.0,1
0,Pembangunan di Km 9,0.0,2000000.0,185012047.0,1
0,Pembangunan di Km 9,0.0,600000.0,179399047.0,1
0,Pembangunan di Km 9,0.0,24000.0,179375047.0,1
0,Pembangunan di Km 9,0.0,20000.0,179331047.0,1
0,Pembangunan di Km 9,0.0,1125000.0,178106047.0,1
0,Pembangunan di Km 9,0.0,5210000.0,172596047.0,1
0,Pembangunan di Km 9,0.0,6500.0,172589547.0,1
0,Pembangunan di Km 9,0.0,361304.0,172228243.0,1
0,Pembangunan di Km 9,0.0,361304.0,171866939.0,1
0,Pembangunan di Km 9,0.0,40000.0,171826939.0,1
0,Pembangunan di Km 9,0.0,140000.0,171686939.0,1
0,Pembangunan di Km 9,0.0,12180.0,171674759.0,1
0,Pembangunan di Km 9,0.0,12600.0,171662159.0,1
0,Pembangunan di Km 9,0.0,9177.0,171638298.0,1
0,Pembangunan di Km 9,0.0,50008.0,171588290.0,1
0,Pembangunan di Km 9,0.0,7648.0,171580643.0,1
0,Pembangunan di Km 9,0.0,37240.0,171543403.0,1
0,Pembangunan di Km 9,0.0,26733.0,171516670.0,1
0,Pembangunan di Km 9,0.0,60914.0,171455756.0,1
0,Pembangunan di Km 9,0.0,36575.0,171419181.0,1
0,Pembangunan di Km 9,0.0,58653.0,171360528.0,1
0,Pembangunan di Km 9,0.0,15162.0,171345366.0,1
0,Pembangunan di Km 9,0.0,13160.0,171332206.0,1
0,Pembangunan di Km 9,0.0,23940.0,171308266.0,1
0,Pembangunan di Km 9,0.0,12943.0,171295323.0,1
0,Pembangunan di Km 9,0.0,2280000.0,169015323.0,1
0,Pembangunan di Km 9,0.0,1287000.0,167728323.0,1
0,Pembangunan di Km 9,0.0,1720000.0,166008323.0,1
0,Pembangunan di Km 9,0.0,320000.0,165688323.0,1
0,Pembangunan di Km 9,0.0,50000.0,165638323.0,1
0,Pembangunan di Km 9,0.0,3895000.0,161743323.0,1
0,Pembangunan di Km 9,0.0,160000.0,161383323.0,1
0,Pembangunan di Km 9,0.0,216000.0,161167323.0,1
0,Pembangunan di Km 9,0.0,6500.0,161160823.0,1
0,Pembangunan di Km 9,0.0,2400000.0,158760823.0,1
0,Pembangunan di Km 9,0.0,6500.0,158754323.0,1
0,Pembangunan di Km 9,0.0,850000.0,157904323.0,1
0,Pembangunan di Km 9,0.0,260000.0,157644323.0,1
0,Pembangunan di Km 9,0.0,81000.0,157563323.0,1
0,Pembangunan di Km 9,0.0,6500.0,157556823.0,1
0,Pembangunan di Km 9,0.0,1200000.0,155756823.0,1
0,Pembangunan di Km 9,0.0,1900000.0,153850323.0,1
0,Pembangunan di Km 9,0.0,1170000.0,152680323.0,1
0,Pembangunan di Km 9,0.0,1000000.0,151680323.0,1
0,Pembangunan di Km 9,0.0,3075000.0,148285323.0,1
0,Pembangunan di Km 9,0.0,200000.0,148085323.0,1
0,Pembangunan di Km 9,0.0,50000.0,147995323.0,1
0,Pembangunan di Km 9,0.0,15000.0,147980323.0,1
0,Pembangunan di Km 9,0.0,6500.0,147973823.0,1
0,Pembangunan di Km 9,0.0,289100.0,147684723.0,1
0,Pembangunan di Km 9,0.0,2016300.0,145668423.0,1
0,Pembangunan di Km 9,0.0,712796.0,144955627.0,1
0,Pembangunan di Km 9,0.0,62800.0,144892827.0,1
0,Pembangunan di Km 9,0.0,154440.0,144738387.0,1
0,Pembangunan di Km 9,0.0,78210.0,144660177.0,1
0,Pembangunan di Km 9,0.0,145600.0,144383897.0,1
0,Pembangunan di Km 9,0.0,50000.0,144333897.0,1
0,Pembangunan di Km 9,0.0,10074.0,144323823.0,1
0,Pembangunan di Km 9,0.0,100000.0,144223823.0,1
0,Pembangunan di Km 9,0.0,3000000.0,141223823.0,1
0,Pembangunan di Km 9,0.0,6500.0,141217323.0,1
0,Pembangunan di Km 9,0.0,96000.0,141121323.0,1
0,Pembangunan di Km 9,0.0,2500000.0,138621323.0,1
0,Pembangunan di Km 9,0.0,600000.0,138021323.0,1
0,Pembangunan di Km 9,0.0,6500.0,138014823.0,1
0,Pembangunan di Km 9,0.0,850000.0,137164823.0,1
0,Pembangunan di Km 9,0.0,13920000.0,123244823.0,1
0,Pembangunan di Km 9,0.0,6500.0,116438323.0,1
0,Pembangunan di Km 9,0.0,2090000.0,114348323.0,1
0,Pembangunan di Km 9,0.0,6500.0,114341823.0,1
0,Pembangunan di Km 9,0.0,6500.0,114031323.0,1
0,Pembangunan di Km 9,0.0,850000.0,113181323.0,1
0,Pembangunan di Km 9,0.0,150000.0,113031323.0,1
0,Pembangunan di Km 9,0.0,1000.0,112980323.0,1
0,Pembangunan di Km 9,0.0,6500.0,112823823.0,1
0,Pembangunan di Km 9,0.0,1440000.0,99012463.0,1
0,Pembangunan di Km 9,0.0,170000.0,98842463.0,1
0,Pembangunan di Km 9,0.0,44000.0,98780463.0,1
0,Pembangunan di Km 9,0.0,2400000.0,96373963.0,1
0,Pembangunan di Km 9,0.0,969000.0,95398463.0,1
0,Pembangunan di Km 9,0.0,6500.0,95391963.0,1
0,Pembangunan di Km 9,0.0,1500000.0,93891963.0,1
0,Pembangunan di Km 9,0.0,6500.0,93885463.0,1
0,Pembangunan di Km 9,0.0,6500.0,93368963.0,1
0,Pembangunan di Km 9,0.0,6500.0,93004963.0,1
0,Pembangunan di Km 9,0.0,6500.0,92848463.0,1
0,Pembangunan di Km 9,0.0,6500.0,85841963.0,1
0,Pembangunan di Km 9,0.0,6500.0,78835463.0,1
0,Pembangunan di Km 9,0.0,105000.0,78630463.0,1
0,Pembangunan di Km 9,0.0,720000.0,77585463.0,1
0,Pembangunan di Km 9,0.0,15000.0,77560463.0,1
0,Pembangunan di Km 9,0.0,36000.0,77504463.0,1
0,Pembangunan di Km 9,0.0,500000.0,77004463.0,1
0,Pembangunan di Km 9,0.0,48700.0,76955763.0,1
0,Pembangunan di Km 9,0.0,1090200.0,75865563.0,1
0,Pembangunan di Km 9,0.0,125800.0,75739763.0,1
0,Pembangunan di Km 9,0.0,850000.0,74889763.0,1
0,Pembangunan di Km 9,0.0,458150.0,74431613.0,1
0,Pembangunan di Km 9,0.0,1100000.0,73331613.0,1
0,Pembangunan di Km 9,0.0,1100000.0,72231613.0,1
0,Pembangunan di Km 9,0.0,1400000.0,70831613.0,1
0,Pembangunan di Km 9,0.0,800000.0,70031613.0,1
0,Pembangunan di Km 9,0.0,300000.0,69731613.0,1
0,Pembangunan di Km 9,0.0,550000.0,69181613.0,1
0,Pembangunan di Km 9,0.0,1100000.0,68081613.0,1
0,Pembangunan di Km 9,0.0,6500.0,68075113.0,1
0,Pembangunan di Km 9,0.0,100000.0,67975113.0,1
0,Pembangunan di Km 9,0.0,3000.0,67972113.0,1
0,Pembangunan di Km 9,0.0,2116000.0,65856113.0,1
0,Pembangunan di Km 9,0.0,1072000.0,64784113.0,1
0,Pembangunan di Km 9,0.0,110000.0,64674113.0,1
0,Pembangunan di Km 9,0.0,65000.0,64609113.0,1
0,Pembangunan di Km 9,445000.0,0.0,65047613.0,0
0,Pembangunan di Km 9,0.0,850000.0,62797613.0,1
0,Pembangunan di Km 9,0.0,720000.0,62077613.0,1
0,Pembangunan di Km 9,0.0,3000000.0,59077613.0,1
0,Pembangunan di Km 9,0.0,6500.0,59071113.0,1
0,Pembangunan di Km 9,0.0,6500.0,58864613.0,1
0,Pembangunan di Km 9,5000000.0,0.0,63864613.0,0
0,Pembangunan di Km 9,0.0,660000.0,63204613.0,1
0,Pembangunan di Km 9,0.0,264000.0,62940613.0,1
0,Pembangunan di Km 9,0.0,1680000.0,61260613.0,1
0,Pembangunan di Km 9,0.0,6500.0,61204113.0,1
0,Pembangunan di Km 9,0.0,545100.0,53380550.0,1
0,Pembangunan di Km 9,0.0,36800.0,53343750.0,1
0,Pembangunan di Km 9,0.0,850000.0,52547383.0,1
0,Pembangunan di Km 9,0.0,850000.0,51697383.0,1
0,Setoran Tunai,50000000.0,0.0,101697383.0,0
0,Pembangunan di Km 9,0.0,2200000.0,99293383.0,1
0,Pembangunan di Km 9,0.0,425000.0,98868383.0,1
0,Pembangunan di Km 9,0.0,750000.0,98118383.0,1
0,Pembangunan di Km 9,0.0,225000.0,97893383.0,1
0,Pembangunan di Km 9,0.0,600000.0,97293383.0,1
0,Pembangunan di Km 9,0.0,85000.0,97208383.0,1
0,Pembangunan di Km 9,0.0,600000.0,96608383.0,1
0,Pembangunan di Km 9,0.0,6500.0,96601883.0,1
0,Pembangunan di Km 9,0.0,174240.0,96427643.0,1
0,Pembangunan di Km 9,0.0,68400.0,96359243.0,1
0,Pembangunan di Km 9,0.0,130680.0,96228563.0,1
0,Pembangunan di Km 9,0.0,78210.0,96150353.0,1
0,Pembangunan di Km 9,0.0,1704000.0,94446353.0,1
0,Pembangunan di Km 9,0.0,980000.0,93466353.0,1
0,Pembangunan di Km 9,0.0,365410.0,93100943.0,1
0,Pembangunan di Km 9,0.0,365410.0,92735533.0,1
0,Pembangunan di Km 9,0.0,182705.0,92552828.0,1
0,Pembangunan di Km 9,0.0,182705.0,92370124.0,1
0,Pembangunan di Km 9,0.0,140000.0,92230124.0,1
0,Pembangunan di Km 9,0.0,193818.0,92036305.0,1
0,Pembangunan di Km 9,0.0,54863.0,91981443.0,1
0,Pembangunan di Km 9,0.0,57855.0,91923588.0,1
0,Pembangunan di Km 9,0.0,127680.0,91795908.0,1
0,Pembangunan di Km 9,0.0,117040.0,91678868.0,1
0,Pembangunan di Km 9,0.0,17955.0,91660913.0,1
0,Pembangunan di Km 9,0.0,30450.0,91630463.0,1
0,Pembangunan di Km 9,0.0,25200.0,91605263.0,1
0,Pembangunan di Km 9,0.0,55860.0,91549403.0,1
0,Pembangunan di Km 9,0.0,19363.0,91530040.0,1
0,Pembangunan di Km 9,0.0,2700000.0,88830040.0,1
0,Pembangunan di Km 9,0.0,300000.0,88530040.0,1
0,Pembangunan di Km 9,0.0,3850000.0,84680040.0,1
0,Pembangunan di Km 9,0.0,1100000.0,83580040.0,1
0,Pembangunan di Km 9,0.0,1100000.0,82480040.0,1
0,Pembangunan di Km 9,0.0,4400000.0,78080040.0,1
0,Pembangunan di Km 9,0.0,2400000.0,75680040.0,1
0,Pembangunan di Km 9,0.0,600000.0,75080040.0,1
0,Pembangunan di Km 9,0.0,500000.0,74580040.0,1
0,Pembangunan di Km 9,0.0,250000.0,74330040.0,1
0,Pembangunan di Km 9,0.0,250000.0,74080040.0,1
0,Pembangunan di Km 9,0.0,750000.0,73330040.0,1
0,Pembangunan di Km 9,0.0,1650000.0,71680040.0,1
0,Pembangunan di Km 9,0.0,6500.0,71673540.0,1
0,Pembangunan di Km 9,0.0,1500000.0,70173540.0,1
0,Pembangunan di Km 9,0.0,6500.0,70167040.0,1
0,Setoran Tunai,50000000.0,0.0,120167040.0,0
0,Setoran Tunai,41200000.0,0.0,161367040.0,0
0,Pembangunan di Km 9,0.0,391000.0,160976040.0,1
0,Pembangunan di Km 9,0.0,6500.0,160969540.0,1
0,Pembangunan di Km 9,0.0,6500.0,150963040.0,1
0,Pembangunan di Km 9,0.0,10000000.0,130963040.0,1
0,Pembangunan di Km 9,0.0,6500.0,130956540.0,1
0,Pembangunan di Km 9,0.0,1000000.0,129956540.0,1
0,Pembangunan di Km 9,0.0,6500.0,129950040.0,1
0,Pembangunan di Km 9,0.0,2400000.0,127550040.0,1
0,Pembangunan di Km 9,0.0,2400000.0,125143540.0,1
0,Pembangunan di Km 9,0.0,6500.0,125137040.0,1
0,Pembangunan di Km 9,0.0,325000.0,123962040.0,1
0,Pembangunan di Km 9,0.0,32000.0,123840040.0,1
0,Pembangunan di Km 9,0.0,16000.0,123800040.0,1
0,Pembangunan di Km 9,0.0,4000.0,123784040.0,1
0,Pembangunan di Km 9,0.0,12000.0,123772040.0,1
0,Pembangunan di Km 9,0.0,18000.0,123754040.0,1
0,Pembangunan di Km 9,0.0,20000.0,123734040.0,1
0,Setoran Tunai,10000000.0,0.0,133734040.0,0
0,Pembangunan di Km 9,0.0,8000000.0,125734040.0,1
0,Pembangunan di Km 9,0.0,1320000.0,124414040.0,1
0,Pembangunan di Km 9,0.0,235000.0,124179040.0,1
0,Pembangunan di Km 9,0.0,50000.0,124129040.0,1
0,Pembangunan di Km 9,0.0,36000.0,124093040.0,1
0,Pembangunan di Km 9,0.0,295000.0,123798040.0,1
0,Pembangunan di Km 9,0.0,1632000.0,122166040.0,1
0,Pembangunan di Km 9,0.0,20000.0,122146040.0,1
0,Pembangunan di Km 9,0.0,15000.0,122131040.0,1
0,Pembangunan di Km 9,0.0,10000.0,122121040.0,1
0,Pembangunan di Km 9,0.0,36000.0,122085040.0,1
0,Pembangunan di Km 9,0.0,204000.0,121881040.0,1
0,Pembangunan di Km 9,0.0,132000.0,121749040.0,1
0,Pembangunan di Km 9,0.0,10000.0,121739040.0,1
0,Pembangunan di Km 9,0.0,9000.0,121730040.0,1
0,Pembangunan di Km 9,0.0,6500.0,121723540.0,1
0,Pembangunan di Km 9,0.0,700000.0,125059748.0,1
0,Pembangunan di Km 9,0.0,2500000.0,122559748.0,1
0,Pembangunan di Km 9,0.0,850000.0,121709748.0,1
0,Pembangunan di Km 9,0.0,1000000.0,120709748.0,1
0,Pembangunan di Km 9,0.0,825000.0,119884748.0,1
0,Pembangunan di Km 9,0.0,1632000.0,118252748.0,1
0,Pembangunan di Km 9,0.0,12500000.0,105746248.0,1
0,Pembangunan di Km 9,0.0,6500.0,105739748.0,1
0,Pembangunan di Km 9,0.0,900000.0,104839748.0,1
0,Pembangunan di Km 9,0.0,270000.0,104569748.0,1
0,Pembangunan di Km 9,0.0,40000.0,104529748.0,1
0,Setoran Tunai,5000000.0,0.0,109529748.0,0
0,Pembangunan di Km 9,0.0,900000.0,107729748.0,1
0,Pembangunan di Km 9,0.0,36000.0,107649748.0,1
0,Pembangunan di Km 9,0.0,36000.0,107613748.0,1
0,Pembangunan di Km 9,0.0,6500.0,107607248.0,1
0,Pembangunan di Km 9,0.0,105000.0,107502248.0,1
0,Pembangunan di Km 9,0.0,850000.0,106652248.0,1
0,Pembangunan di Km 9,0.0,1000000.0,105652248.0,1
0,Pembangunan di Km 9,0.0,6500.0,105645748.0,1
0,Pembangunan di Km 9,0.0,1200000.0,104445748.0,1
0,Pembangunan di Km 9,0.0,100000.0,104345748.0,1
0,Pembangunan di Km 9,0.0,239000.0,104105748.0,1
0,Pembangunan di Km 9,0.0,1320000.0,102785748.0,1
0,Pembangunan di Km 9,0.0,470000.0,102315748.0,1
0,Pembangunan di Km 9,0.0,150000.0,101065748.0,1
0,Pembangunan di Km 9,0.0,216000.0,100849748.0,1
0,Pembangunan di Km 9,0.0,114000.0,100735748.0,1
0,Pembangunan di Km 9,0.0,212000.0,100523748.0,1
0,Pembangunan di Km 9,0.0,6500.0,100517248.0,1
0,Pembangunan di Km 9,0.0,850000.0,99667248.0,1
0,Pembangunan di Km 9,0.0,7000000.0,92667248.0,1
0,Pembangunan di Km 9,0.0,6500.0,92660748.0,1
0,Pembangunan di Km 9,0.0,184701.0,92476047.0,1
0,Pembangunan di Km 9,0.0,500000.0,91976047.0,1
0,Pembangunan di Km 9,0.0,2640000.0,89336047.0,1
0,Setoran Tunai,19000000.0,0.0,108329547.0,0
0,Setoran Tunai,105000.0,0.0,108434547.0,0
0,Pembangunan di Km 9,0.0,84000.0,108286547.0,1
0,Pembangunan di Km 9,0.0,84000.0,108202547.0,1
0,Pembangunan di Km 9,0.0,98000.0,108104547.0,1
0,Pembangunan di Km 9,0.0,42000.0,107964547.0,1
0,Pembangunan di Km 9,0.0,42000.0,107922547.0,1
0,Pembangunan di Km 9,0.0,72000.0,107850547.0,1
0,Pembangunan di Km 9,0.0,64000.0,107786547.0,1
0,Pembangunan di Km 9,0.0,700056.0,107086491.0,1
0,Pembangunan di Km 9,0.0,13920000.0,93166491.0,1
0,Pembangunan di Km 9,0.0,2500000.0,90666491.0,1
0,Pembangunan di Km 9,0.0,2500000.0,88166491.0,1
0,Pembangunan di Km 9,0.0,6500.0,88159991.0,1
0,Pembangunan di Km 9,0.0,198000.0,87961991.0,1
0,Pembangunan di Km 9,0.0,2250000.0,85711991.0,1
0,Pembangunan di Km 9,0.0,6500.0,85705491.0,1
0,Pembangunan di Km 9,0.0,500000.0,85205491.0,1
0,Pembangunan di Km 9,0.0,34000.0,85171491.0,1
0,Pembangunan di Km 9,0.0,10000.0,85161491.0,1
0,Pembangunan di Km 9,0.0,34000.0,85098491.0,1
0,Pembangunan di Km 9,0.0,100008.0,84998483.0,1
0,Pembangunan di Km 9,0.0,345000.0,84645483.0,1
0,Pembangunan di Km 9,0.0,6500.0,84638983.0,1
0,Pembangunan di Km 9,0.0,200000.0,84438983.0,1
0,Pembangunan di Km 9,0.0,1000000.0,83438983.0,1
0,Pembangunan di Km 9,0.0,6500.0,83432483.0,1
0,Pembangunan di Km 9,0.0,539200.0,82893283.0,1
0,Pembangunan di Km 9,0.0,200000.0,82693283.0,1
0,Pembangunan di Km 9,0.0,1000.0,82692283.0,1
0,Pembangunan di Km 9,0.0,6500.0,82185783.0,1
0,Pembangunan di Km 9,0.0,7290000.0,74895783.0,1
0,Pembangunan di Km 9,0.0,400000.0,70985783.0,1
0,Pembangunan di Km 9,0.0,160000.0,70825783.0,1
0,Pembangunan di Km 9,0.0,44000.0,61761783.0,1
0,Pembangunan di Km 9,0.0,850000.0,60905283.0,1
0,Setoran Tunai,4900000.0,0.0,65805283.0,0
0,Setoran Tunai,100000.0,0.0,65905283.0,0
0,Pembangunan di Km 9,0.0,3000000.0,62905283.0,1
0,Pembangunan di Km 9,0.0,6500.0,62898783.0,1
0,Pembangunan di Km 9,0.0,600000.0,62298783.0,1
0,Pembangunan di Km 9,0.0,850000.0,61088783.0,1
0,Pembangunan di Km 9,0.0,6500.0,61082283.0,1
0,Pembangunan di Km 9,0.0,200000.0,60882283.0,1
0,Pembangunan di Km 9,0.0,1000.0,60881283.0,1
0,Pembangunan di Km 9,0.0,149000.0,60487483.0,1
0,Pembangunan di Km 9,0.0,27800.0,60459683.0,1
0,Pembangunan di Km 9,0.0,500000.0,59959683.0,1
0,Pembangunan di Km 9,0.0,230000.0,59723183.0,1
0,Pembangunan di Km 9,0.0,8000.0,59709183.0,1
0,Pembangunan di Km 9,0.0,100000.0,59609183.0,1
0,Pembangunan di Km 9,0.0,6500.0,59602683.0,1
0,Setoran Tunai,15000000.0,0.0,74602683.0,0
0,Pembangunan di Km 9,0.0,100000.0,73652683.0,1
0,Pembangunan di Km 9,0.0,3000.0,73649683.0,1
0,Pembangunan di Km 9,0.0,500000.0,73149683.0,1
0,Pembangunan di Km 9,0.0,6500.0,73143183.0,1
0,Pembangunan di Km 9,0.0,150000.0,72493183.0,1
0,Pembangunan di Km 9,0.0,6500.0,72486683.0,1
0,Pembangunan di Km 9,0.0,1500000.0,70986683.0,1
0,Pembangunan di Km 9,0.0,210000.0,70770183.0,1
0,Pembangunan di Km 9,0.0,10000.0,70635183.0,1
0,Pembangunan di Km 9,0.0,18000.0,70617183.0,1
0,Pembangunan di Km 9,0.0,18000.0,70571183.0,1
0,Pembangunan di Km 9,0.0,760000.0,69801183.0,1
0,Pembangunan di Km 9,0.0,110000.0,69691183.0,1
0,Pembangunan di Km 9,0.0,1200000.0,68491183.0,1
0,Pembangunan di Km 9,0.0,80000.0,68411183.0,1
0,Pembangunan di Km 9,0.0,1740000.0,66671183.0,1
0,Pembangunan di Km 9,0.0,16000.0,66655183.0,1
0,Pembangunan di Km 9,0.0,225000.0,66430183.0,1
0,Pembangunan di Km 9,0.0,15000.0,66415183.0,1
0,Pembangunan di Km 9,0.0,75000.0,66340183.0,1
0,Pembangunan di Km 9,0.0,6500.0,66333683.0,1
0,Pembangunan di Km 9,0.0,2400000.0,63933683.0,1
0,Pembangunan di Km 9,0.0,6500.0,63927183.0,1
0,Pembangunan di Km 9,0.0,500000.0,63427183.0,1
0,Pembangunan di Km 9,0.0,1238000.0,62189183.0,1
0,Pembangunan di Km 9,0.0,3000.0,62186183.0,1
0,Pembangunan di Km 9,0.0,1238000.0,60948183.0,1
0,Pembangunan di Km 9,0.0,1238000.0,59707183.0,1
0,Pembangunan di Km 9,0.0,27500.0,59676683.0,1
0,Pembangunan di Km 9,0.0,225000.0,59451683.0,1
0,Pembangunan di Km 9,0.0,900000.0,58546633.0,1
0,Pembangunan di Km 9,0.0,550000.0,57990133.0,1
0,Pembangunan di Km 9,0.0,2100000.0,54240133.0,1
0,Pembangunan di Km 9,0.0,6500.0,54233633.0,1
0,Pembangunan di Km 9,0.0,172500.0,53211133.0,1
0,Pembangunan di Km 9,0.0,6500.0,53174633.0,1
0,Pembangunan di Km 9,0.0,1238000.0,51936633.0,1
0,Pembangunan di Km 9,0.0,3000.0,51933633.0,1
0,Pembangunan di Km 9,0.0,6500.0,46927133.0,1
0,Pembangunan di Km 9,0.0,1200000.0,45727133.0,1
0,Pembangunan di Km 9,0.0,90000.0,45637133.0,1
0,Pembangunan di Km 9,0.0,40000.0,45141133.0,1
0,Pembangunan di Km 9,0.0,40000.0,45093133.0,1
0,Pembangunan di Km 9,0.0,15000.0,45058133.0,1
0,Pembangunan di Km 9,0.0,979201.0,44078932.0,1
0,Pembangunan di Km 9,0.0,158650.0,43920282.0,1
0,Pembangunan di Km 9,0.0,1400000.0,42520282.0,1
0,Pembangunan di Km 9,0.0,500000.0,42020282.0,1
0,Pembangunan di Km 9,0.0,6500.0,42013782.0,1
0,Pembangunan di Km 9,0.0,1795000.0,40218782.0,1
0,Pembangunan di Km 9,0.0,6500.0,40212282.0,1
0,Pembangunan di Km 9,0.0,850000.0,39362282.0,1
0,Pembangunan di Km 9,0.0,850000.0,38512282.0,1
0,Pembangunan di Km 9,0.0,840000.0,37672282.0,1
0,Pembangunan di Km 9,0.0,6500.0,37665782.0,1
0,Pembangunan di Km 9,0.0,6500.0,33659282.0,1
0,Pembangunan di Km 9,0.0,6500.0,33152782.0,1
0,Pembangunan di Km 9,0.0,1020000.0,32132782.0,1
0,Pembangunan di Km 9,0.0,6500.0,32126282.0,1
0,Pembangunan di Km 9,15777.0,0.0,30702059.0,0
0,Pembangunan di Km 9,0.0,11000.0,30687903.0,1
0,Pembangunan di Km 9,0.0,8513000.0,22170903.0,1
0,Pembangunan di Km 9,0.0,6500.0,20677403.0,1
0,Pembangunan di Km 9,0.0,500000.0,14964403.0,1
0,Pembangunan di Km 9,0.0,6500.0,14957903.0,1
0,Pembangunan di Km 9,0.0,147600.0,45031453.0,1
0,Pembangunan di Km 9,0.0,288000.0,44498653.0,1
0,Pembangunan di Km 9,0.0,100000.0,44247453.0,1
0,Pembangunan di Km 9,0.0,172784.0,43989365.0,1
0,Pembangunan di Km 9,0.0,193410.0,43795955.0,1
0,Pembangunan di Km 9,0.0,63811.0,43732144.0,1
0,Pembangunan di Km 9,0.0,272887.0,43459257.0,1
0,Pembangunan di Km 9,0.0,34111.0,43425146.0,1
0,Pembangunan di Km 9,0.0,73620.0,43351526.0,1
0,Pembangunan di Km 9,0.0,324000.0,43027526.0,1
0,Pembangunan di Km 9,0.0,57510.0,42970016.0,1
0,Pembangunan di Km 9,0.0,2128000.0,40842016.0,1
0,Pembangunan di Km 9,0.0,403260.0,40438756.0,1
0,Pembangunan di Km 9,0.0,558720.0,39880036.0,1
0,Pembangunan di Km 9,0.0,370548.0,39509488.0,1
0,Pembangunan di Km 9,0.0,402132.0,39107356.0,1
0,Pembangunan di Km 9,0.0,50000.0,39057356.0,1
0,Pembangunan di Km 9,0.0,5000000.0,34057356.0,1
0,Pembangunan di Km 9,0.0,6500.0,34050856.0,1
0,Pembangunan di Km 9,0.0,10000000.0,24050856.0,1
0,Pembangunan di Km 9,0.0,6500.0,24044356.0,1
0,Pembangunan di Km 9,0.0,10000000.0,14044356.0,1
0,Pembangunan di Km 9,0.0,850000.0,13194356.0,1
0,Pembangunan di Km 9,0.0,100000.0,13094356.0,1
0,Pembangunan di Km 9,0.0,3000.0,13091356.0,1
0,Pembangunan di Km 9,0.0,6250000.0,7534496.0,1
0,Pembangunan di Km 9,0.0,2000000.0,6324496.0,1
0,Pembangunan di Km 9,7500.0,0.0,6331996.0,0
0,Pembangunan di Km 9,0.0,468000.0,5863996.0,1
0,Setoran Tunai,5000000.0,0.0,10857496.0,0
0,Pembangunan di Km 9,0.0,3600000.0,7257496.0,1
0,Pembangunan di Km 9,0.0,6500.0,7250996.0,1
0,Pembangunan di Km 9,0.0,1500000.0,5750996.0,1
0,Pembangunan di Km 9,0.0,66000.0,5678496.0,1
0,Pembangunan di Km 9,0.0,100000.0,4728496.0,1
0,Pembangunan di Km 9,0.0,6500.0,4721996.0,1
0,Pembangunan di Km 9,0.0,6500.0,2765496.0,1
0,Pembangunan di Km 9,0.0,87000.0,2303496.0,1
0,Pembangunan di Km 9,0.0,960000.0,1343496.0,1
0,Pembangunan di Km 9,0.0,200000.0,1143496.0,1
0,Pembangunan di Km 9,0.0,20000.0,1023496.0,1
0,Pembangunan di Km 9,0.0,24000.0,981496.0,1
0,Pembangunan di Km 9,0.0,19000.0,962496.0,1
0,Pembangunan di Km 9,0.0,4000.0,958496.0,1
0,Pembangunan di Km 9,0.0,6500.0,951996.0,1
0,Pembangunan di Km 9,0.0,66000.0,885996.0,1
0,Pembangunan di Km 9,0.0,75000.0,810996.0,1
0,Pembangunan di Km 9,0.0,77000.0,733996.0,1
0,Pembangunan di Km 9,0.0,6500.0,727496.0,1
0,Pembangunan di Km 9,0.0,400000.0,327496.0,1
0,Setoran Tunai,81200000.0,0.0,81527496.0,0
0,Pembangunan di Km 9,0.0,3200000.0,78327496.0,1
0,Pembangunan di Km 9,0.0,6500.0,78320996.0,1
0,Pembangunan di Km 9,0.0,450000.0,77870996.0,1
0,Pembangunan di Km 9,0.0,6500.0,77864496.0,1
0,Pembangunan di Km 9,0.0,470000.0,76194496.0,1
0,Pembangunan di Km 9,0.0,700000.0,75494496.0,1
0,Pembangunan di Km 9,0.0,35000.0,75459496.0,1
0,Pembangunan di Km 9,0.0,22000.0,75437496.0,1
0,Pembangunan di Km 9,0.0,30000.0,75407496.0,1
0,Pembangunan di Km 9,0.0,24000.0,75351496.0,1
0,Pembangunan di Km 9,0.0,75000.0,75276496.0,1
0,Pembangunan di Km 9,0.0,6000.0,75270496.0,1
0,Pembangunan di Km 9,0.0,6000.0,75264496.0,1
0,Pembangunan di Km 9,0.0,4000.0,75260496.0,1
0,Pembangunan di Km 9,0.0,4000.0,75256496.0,1
0,Pembangunan di Km 9,0.0,790000.0,74466496.0,1
0,Pembangunan di Km 9,0.0,6500.0,74459996.0,1
0,Pembangunan di Km 9,0.0,100000.0,74359996.0,1
0,Pembangunan di Km 9,0.0,3000.0,74356996.0,1
0,Setoran Tunai,5000000.0,0.0,79356996.0,0
0,Pembangunan di Km 9,0.0,2800000.0,76556996.0,1
0,Pembangunan di Km 9,0.0,6500.0,76550496.0,1
0,Pembangunan di Km 9,0.0,2100000.0,74450496.0,1
0,Pembangunan di Km 9,0.0,6500.0,73993996.0,1
0,Pembangunan di Km 9,0.0,1160000.0,71833996.0,1
0,Pembangunan di Km 9,0.0,728000.0,71105996.0,1
0,Pembangunan di Km 9,0.0,6500.0,70339496.0,1
0,Pembangunan di Km 9,0.0,2000000.0,68339496.0,1
0,Pembangunan di Km 9,0.0,6500.0,66332996.0,1
0,Pembangunan di Km 9,0.0,2000000.0,64332996.0,1
0,Pembangunan di Km 9,0.0,6500.0,64326496.0,1
0,Pembangunan di Km 9,0.0,5000000.0,59326496.0,1
0,Pembangunan di Km 9,0.0,450000.0,58869996.0,1
0,Pembangunan di Km 9,0.0,900000.0,57969996.0,1
0,Pembangunan di Km 9,0.0,6000.0,57928996.0,1
0,Pembangunan di Km 9,0.0,6500.0,57817496.0,1
0,Pembangunan di Km 9,0.0,740000.0,56477496.0,1
0,Pembangunan di Km 9,0.0,60000.0,56417496.0,1
0,Pembangunan di Km 9,0.0,1080000.0,55337496.0,1
0,Pembangunan di Km 9,0.0,60000.0,55277496.0,1
0,Pembangunan di Km 9,0.0,36000.0,55241496.0,1
0,Pembangunan di Km 9,0.0,88000.0,54803496.0,1
0,Pembangunan di Km 9,0.0,24000.0,54779496.0,1
0,Pembangunan di Km 9,0.0,32000.0,54747496.0,1
0,Pembangunan di Km 9,0.0,12000.0,54735496.0,1
0,Pembangunan di Km 9,0.0,24000.0,54711496.0,1
0,Pembangunan di Km 9,0.0,25000.0,54686496.0,1
0,Setoran Tunai,15750000.0,0.0,70436496.0,0
0,Pembangunan di Km 9,0.0,290000.0,70146496.0,1
0,Pembangunan di Km 9,0.0,95000.0,70051496.0,1
0,Pembangunan di Km 9,0.0,3300000.0,66751496.0,1
0,Pembangunan di Km 9,0.0,275000.0,66476496.0,1
0,Pembangunan di Km 9,0.0,2500000.0,63976496.0,1
0,Pembangunan di Km 9,0.0,2500000.0,61476496.0,1
0,Pembangunan di Km 9,0.0,10000000.0,51476496.0,1
0,Pembangunan di Km 9,0.0,6500.0,51469996.0,1
0,Pembangunan di Km 9,0.0,750000.0,50719996.0,1
0,Pembangunan di Km 9,0.0,237600.0,50482396.0,1
0,Pembangunan di Km 9,0.0,315900.0,50166496.0,1
0,Pembangunan di Km 9,0.0,462000.0,49704496.0,1
0,Pembangunan di Km 9,0.0,363000.0,49341496.0,1
0,Pembangunan di Km 9,0.0,151200.0,49190296.0,1
0,Pembangunan di Km 9,0.0,767000.0,48056096.0,1
0,Pembangunan di Km 9,0.0,420000.0,47636096.0,1
0,Pembangunan di Km 9,0.0,1260000.0,46376096.0,1
0,Pembangunan di Km 9,0.0,1080000.0,45296096.0,1
0,Pembangunan di Km 9,0.0,310000.0,44986096.0,1
0,Pembangunan di Km 9,0.0,665000.0,44321096.0,1
0,Pembangunan di Km 9,0.0,6500.0,44314596.0,1
0,Pembangunan di Km 9,0.0,500000.0,43814596.0,1
0,Pembangunan di Km 9,0.0,1000000.0,42814596.0,1
0,Pembangunan di Km 9,0.0,6500.0,42808096.0,1
0,Pembangunan di Km 9,0.0,500000.0,42308096.0,1
0,Pembangunan di Km 9,0.0,4800000.0,37508096.0,1
0,Pembangunan di Km 9,0.0,6500.0,37501596.0,1
0,Pembangunan di Km 9,0.0,6500.0,37050096.0,1
0,Setoran Tunai,2400000.0,0.0,39450096.0,0
0,Pembangunan di Km 9,0.0,925000.0,37125096.0,1
0,Pembangunan di Km 9,0.0,250000.0,36875096.0,1
0,Pembangunan di Km 9,0.0,90000.0,36595096.0,1
0,Pembangunan di Km 9,0.0,690000.0,35509096.0,1
0,Pembangunan di Km 9,0.0,88000.0,35421096.0,1
0,Pembangunan di Km 9,0.0,700000.0,34721096.0,1
0,Pembangunan di Km 9,0.0,6500.0,34714596.0,1
0,Pembangunan di Km 9,0.0,2250000.0,32714596.0,1
0,Pembangunan di Km 9,0.0,420000.0,32294596.0,1
0,Pembangunan di Km 9,0.0,6500.0,32288096.0,1
0,Pembangunan di Km 9,0.0,30000.0,32408096.0,1
0,Pembangunan di Km 9,0.0,1500.0,32406596.0,1
0,Pembangunan di Km 9,0.0,3000000.0,29406596.0,1
0,Pembangunan di Km 9,0.0,850000.0,28550096.0,1
0,Pembangunan di Km 9,0.0,550000.0,28000096.0,1
0,Pembangunan di Km 9,0.0,1000000.0,26993596.0,1
0,Pembangunan di Km 9,0.0,500000.0,26487096.0,1
0,Pembangunan di Km 9,0.0,500000.0,25652096.0,1
0,Pembangunan di Km 9,0.0,500000.0,25152096.0,1
0,Pembangunan di Km 9,0.0,320000.0,24825596.0,1
0,Pembangunan di Km 9,0.0,98000.0,24643596.0,1
0,Pembangunan di Km 9,0.0,4000.0,24639596.0,1
0,Pembangunan di Km 9,0.0,6000.0,24633596.0,1
0,Pembangunan di Km 9,0.0,6500.0,24627096.0,1
0,Pembangunan di Km 9,0.0,6500.0,23925596.0,1
0,Pembangunan di Km 9,0.0,1170000.0,22755596.0,1
0,Pembangunan di Km 9,0.0,84000.0,22671596.0,1
0,Pembangunan di Km 9,0.0,200000.0,22471596.0,1
0,Pembangunan di Km 9,0.0,32000.0,22439596.0,1
0,Pembangunan di Km 9,0.0,24000.0,22399596.0,1
0,Pembangunan di Km 9,0.0,18000.0,21661596.0,1
0,Pembangunan di Km 9,0.0,45000.0,21616596.0,1
0,Pembangunan di Km 9,0.0,6000.0,21610596.0,1
0,Pembangunan di Km 9,0.0,32000.0,21578596.0,1
0,Pembangunan di Km 9,0.0,850000.0,20728596.0,1
0,Pembangunan di Km 9,0.0,250000.0,20478596.0,1
0,Pembangunan di Km 9,0.0,500000.0,19978596.0,1
0,Pembangunan di Km 9,0.0,6500.0,19972096.0,1
0,Pembangunan di Km 9,0.0,48000.0,19924096.0,1
0,Pembangunan di Km 9,0.0,64000.0,19860096.0,1
0,Pembangunan di Km 9,0.0,24000.0,19836096.0,1
0,Pembangunan di Km 9,0.0,6500.0,19829596.0,1
0,Pembangunan di Km 9,0.0,1100000.0,18729596.0,1
0,Pembangunan di Km 9,0.0,6500.0,18723096.0,1
0,Pembangunan di Km 9,0.0,3000.0,17482096.0,1
0,Setoran Tunai,11500000.0,0.0,28982096.0,0
0,Pembangunan di Km 9,0.0,1238000.0,27744096.0,1
0,Pembangunan di Km 9,0.0,1238000.0,26503096.0,1
0,Pembangunan di Km 9,0.0,1238000.0,25262096.0,1
0,Pembangunan di Km 9,0.0,200000.0,25059096.0,1
0,Pembangunan di Km 9,0.0,250000.0,24809096.0,1
0,Pembangunan di Km 9,0.0,6500.0,23802596.0,1
0,Pembangunan di Km 9,0.0,380000.0,22882596.0,1
0,Pembangunan di Km 9,0.0,6500.0,22819096.0,1
0,Pembangunan di Km 9,0.0,250000.0,22569096.0,1
0,Pembangunan di Km 9,0.0,1440000.0,21129096.0,1
0,Pembangunan di Km 9,0.0,6500.0,11122596.0,1
0,Setoran Tunai,5000000.0,0.0,16122596.0,0
0,Pembangunan di Km 9,0.0,400000.0,15722596.0,1
0,Pembangunan di Km 9,0.0,6500.0,14716096.0,1
0,Pembangunan di Km 9,0.0,1950000.0,12766096.0,1
0,Pembangunan di Km 9,0.0,6500.0,12759596.0,1
0,Pembangunan di Km 9,0.0,142000.0,12463596.0,1
0,Pembangunan di Km 9,0.0,6500.0,12457096.0,1
0,Pembangunan di Km 9,0.0,154000.0,12303096.0,1
0,Pembangunan di Km 9,0.0,200000.0,12096596.0,1
0,Pembangunan di Km 9,0.0,500000.0,11590096.0,1
0,Pembangunan di Km 9,0.0,6500.0,11583596.0,1
0,Pembangunan di Km 9,0.0,6500.0,11346096.0,1
0,Pembangunan di Km 9,0.0,250000.0,10996096.0,1
0,Pembangunan di Km 9,0.0,6500.0,10794596.0,1
0,Pembangunan di Km 9,0.0,50000000.0,330305596.0,1
0,Pembangunan di Km 9,0.0,500000.0,329799096.0,1
0,Pembangunan di Km 9,0.0,300000.0,329499096.0,1
0,Pembangunan di Km 9,0.0,6500.0,329492596.0,1
0,Pembangunan di Km 9,0.0,1991000.0,327501596.0,1
0,Pembangunan di Km 9,0.0,104000000.0,54653546.0,1
0,Pembangunan di Km 9,0.0,27170000.0,27480646.0,1
0,Pembangunan di Km 9,0.0,526867.0,26950879.0,1
0,Pembangunan di Km 9,0.0,2700000.0,14250879.0,1
0,Pembangunan di Km 9,0.0,434000.0,13816879.0,1
0,Pembangunan di Km 9,0.0,6500.0,13730379.0,1
0,Pembangunan di Km 9,0.0,27170000.0,13730379.0,1
3,Pembangunan di Kariangau,0.0,6500.0,13723879.0,1
0,Pembangunan di Km 9,0.0,2500000.0,11223879.0,1
0,Pembangunan di Km 9,0.0,810000.0,10413879.0,1
0,Pembangunan di Km 9,0.0,950000.0,9463879.0,1
0,Pembangunan di Km 9,0.0,128000.0,8960879.0,1
0,Pembangunan di Km 9,0.0,12000.0,8948879.0,1
0,Pembangunan di Km 9,0.0,90000.0,8718879.0,1
0,Pembangunan di Km 9,0.0,30000.0,8688879.0,1
0,Pembangunan di Km 9,0.0,6500.0,8682379.0,1
0,Pembangunan di Km 9,0.0,272000.0,8410379.0,1
0,Pembangunan di Km 9,0.0,150000.0,8260379.0,1
0,Pembangunan di Km 9,0.0,25000.0,8235379.0,1
0,Pembangunan di Km 9,0.0,6000.0,8229379.0,1
0,Pembangunan di Km 9,0.0,6500.0,8222879.0,1
0,Pembangunan di Kariangau,0.0,3000000.0,5222879.0,1
0,Pembangunan di Km 9,0.0,6500.0,3516379.0,1
0,Pembangunan di Puncak Permai,0.0,50000000.0,53516379.0,1
3,Pembangunan di Kariangau,50000000.0,0.0,53516379.0,0
0,Pembangunan di Km 9,25000000.0,0.0,78516379.0,0
0,Pembangunan di Km 9,0.0,50000000.0,254496879.0,1
0,Pembangunan di Km 9,0.0,50000000.0,204496879.0,1
0,Pembangunan di Km 9,0.0,12000000.0,192490379.0,1
0,Pembangunan di Km 9,0.0,12000000.0,180490379.0,1
0,Pembangunan di Km 9,0.0,2116000.0,178367879.0,1
0,Pembangunan di Km 9,0.0,6500.0,178361379.0,1
0,Pembangunan di Km 9,0.0,850000.0,177511379.0,1
0,Pembangunan di Km 9,0.0,1300000.0,175651379.0,1
0,Pembangunan di Km 9,0.0,6500.0,175644879.0,1
0,Pembangunan di Km 9,0.0,6500.0,172368379.0,1
0,Pembangunan di Km 9,0.0,235000.0,170803379.0,1
0,Pembangunan di Km 9,0.0,375000.0,170428379.0,1
0,Pembangunan di Km 9,0.0,18000.0,170410379.0,1
0,Pembangunan di Km 9,0.0,270000.0,170090379.0,1
0,Setoran Tunai,25000000.0,0.0,195083879.0,0
0,Setoran Tunai,5000000.0,0.0,200083879.0,0
0,Pembangunan di Km 9,0.0,265000.0,199818879.0,1
0,Pembangunan di Km 9,0.0,500000.0,199318879.0,1
0,Pembangunan di Km 9,0.0,200000.0,199118879.0,1
0,Pembangunan di Km 9,0.0,200000.0,198918879.0,1
0,Pembangunan di Km 9,0.0,4300000.0,194612379.0,1
0,Pembangunan di Km 9,0.0,6500.0,194605879.0,1
0,Pembangunan di Km 9,0.0,100000.0,194505879.0,1
0,Pembangunan di Km 9,0.0,10000.0,194495879.0,1
0,Pembangunan di Km 9,0.0,160000.0,194335879.0,1
0,Pembangunan di Km 9,0.0,45000.0,194290879.0,1
4,Pembangunan di Puncak Permai,0.0,50000000.0,144284379.0,1
0,Pembangunan di Km 9,0.0,50000000.0,94277879.0,1
0,Pembangunan di Km 9,0.0,6500.0,94271379.0,1
0,Pembangunan di Km 9,0.0,11968274.0,82303105.0,1
0,Pembangunan di Km 9,0.0,7860000.0,74443105.0,1
0,Pembangunan di Km 9,0.0,20000000.0,54436605.0,1
0,Pembangunan di Km 9,0.0,1000000.0,53430105.0,1
0,Pembangunan di Km 9,0.0,2000000.0,51423605.0,1
0,Pembangunan di Km 9,0.0,6500.0,51417105.0,1
0,Pembangunan di Km 9,0.0,1000000.0,49417105.0,1
0,Pembangunan di Km 9,0.0,6500.0,48808605.0,1
0,Pembangunan di Km 9,0.0,72000.0,43101605.0,1
0,Pembangunan di Km 9,0.0,88000.0,42833605.0,1
4,Pembangunan di Puncak Permai,0.0,125000.0,42708605.0,1
0,Pembangunan di Km 9,0.0,291000.0,42417605.0,1
0,Pembangunan di Km 9,0.0,90000.0,42259605.0,1
0,Pembangunan di Km 9,0.0,40000.0,42219605.0,1
0,Pembangunan di Km 9,0.0,15000.0,42204605.0,1
0,Pembangunan di Km 9,0.0,10000.0,42194605.0,1
0,Pembangunan di Km 9,0.0,240000.0,41954605.0,1
0,Pembangunan di Km 9,0.0,136000.0,41818605.0,1
0,Pembangunan di Km 9,0.0,6500.0,41812105.0,1
0,Pembangunan di Km 9,0.0,645000.0,41167105.0,1
0,Pembangunan di Km 9,0.0,6500.0,41160605.0,1
0,Pembangunan di Km 9,0.0,58000.0,41102605.0,1
0,Pembangunan di Km 9,0.0,665000.0,40437605.0,1
0,Pembangunan di Km 9,0.0,230000.0,40207605.0,1
0,Pembangunan di Km 9,0.0,1000000.0,39207605.0,1
0,Pembangunan di Km 9,0.0,1673600.0,37527505.0,1
0,Pembangunan di Km 9,0.0,240000.0,37281005.0,1
0,Pembangunan di Km 9,0.0,350000.0,36931005.0,1
0,Pembangunan di Km 9,0.0,2000000.0,34931005.0,1
0,Pembangunan di Km 9,0.0,2000000.0,32931005.0,1
0,Pembangunan di Km 9,0.0,3000000.0,29924505.0,1
0,Pembangunan di Km 9,0.0,100000.0,29818005.0,1
0,Pembangunan di Km 9,0.0,3000.0,29815005.0,1
0,Pembangunan di Km 9,0.0,660000.0,29155005.0,1
0,Pembangunan di Km 9,0.0,6500.0,29148505.0,1
0,Pembangunan di Km 9,0.0,6500.0,28142005.0,1
0,Pembangunan di Km 9,0.0,250000.0,27042005.0,1
0,Pembangunan di Km 9,0.0,6500.0,26919505.0,1
0,Pembangunan di Km 9,0.0,6500.0,26413005.0,1
0,Setoran Tunai,15000000.0,0.0,91413005.0,0
0,Pembangunan di Km 9,0.0,150000.0,91263005.0,1
0,Pembangunan di Km 9,0.0,136000.0,91127005.0,1
0,Pembangunan di Km 9,0.0,24000.0,90975005.0,1
0,Pembangunan di Km 9,0.0,50000.0,90895005.0,1
0,Pembangunan di Km 9,0.0,6500.0,90888505.0,1
0,Pembangunan di Km 9,0.0,65000000.0,25888505.0,1
0,Setoran Tunai,20000000.0,0.0,45888505.0,0
0,Setoran Tunai,20000000.0,0.0,65888505.0,0
0,Setoran Tunai,20000000.0,0.0,85888505.0,0
0,Setoran Tunai,5000000.0,0.0,90888505.0,0
0,Pembangunan di Km 9,0.0,500000.0,90388505.0,1
0,Pembangunan di Km 9,0.0,1500000.0,88882005.0,1
0,Pembangunan di Km 9,0.0,500000.0,88382005.0,1
0,Pembangunan di Km 9,0.0,6500.0,88375505.0,1
0,Pembangunan di Km 9,0.0,2000000.0,86375505.0,1
0,Pembangunan di Km 9,0.0,1000000.0,85375505.0,1
0,Pembangunan di Km 9,0.0,765000.0,84610505.0,1
0,Pembangunan di Km 9,0.0,6500.0,348597505.0,1
0,Pembangunan di Km 9,0.0,6000000.0,342597505.0,1
0,Pembangunan di Km 9,0.0,6500.0,342591005.0,1
0,Pembangunan di Km 9,0.0,2000000.0,334655737.0,1
0,Pembangunan di Km 9,0.0,6500.0,333999237.0,1
0,Pembangunan di Km 9,0.0,1000000.0,280986237.0,1
0,Pembangunan di Km 9,0.0,6500.0,280979737.0,1
0,Pembangunan di Km 9,0.0,6500.0,230973237.0,1
0,Pembangunan di Km 9,0.0,6500.0,180966737.0,1
0,Pembangunan di Km 9,0.0,6500.0,163149086.0,1
0,Pembangunan di Km 9,0.0,6500.0,162642586.0,1
0,Pembangunan di Km 9,0.0,6500.0,162466086.0,1
0,Pembangunan di Km 9,0.0,6500.0,160009586.0,1
0,Pembangunan di Km 9,0.0,6500.0,159268086.0,1
0,Pembangunan di Km 9,0.0,6500.0,156761586.0,1
0,Pembangunan di Km 9,0.0,6500.0,154755086.0,1
0,Pembangunan di Km 9,0.0,6500.0,153748586.0,1
0,Pembangunan di Km 9,0.0,130000.0,153243586.0,1
0,Pembangunan di Km 9,0.0,640000.0,148353586.0,1
0,Pembangunan di Km 9,0.0,950000.0,147303586.0,1
0,Pembangunan di Km 9,0.0,66000.0,147177586.0,1
0,Pembangunan di Km 9,0.0,6500.0,147171086.0,1
0,Pembangunan di Km 9,0.0,860000.0,146311086.0,1
0,Pembangunan di Km 9,0.0,6500.0,146304586.0,1
0,Pembangunan di Km 9,0.0,2000000.0,144304586.0,1
0,Setoran Tunai,5000000.0,0.0,149304586.0,0
0,Pembangunan di Puncak Permai,0.0,5000000.0,144304586.0,1
0,Pembangunan di Puncak Permai,0.0,6500.0,144298086.0,1
0,Pembangunan di Km 9,0.0,6500.0,143791586.0,1
0,Pembangunan di Km 9,0.0,1238000.0,141853586.0,1
4,Pembangunan di Puncak Permai,0.0,3000.0,141850586.0,1
4,Pembangunan di Puncak Permai,0.0,1091000.0,140759586.0,1
0,Pembangunan di Km 9,0.0,720000.0,140033086.0,1
0,Pembangunan di Km 9,0.0,3450000.0,136576586.0,1
0,Pembangunan di Km 9,0.0,5000000.0,131576586.0,1
0,Pembangunan di Km 9,0.0,2000000.0,129570086.0,1
0,Pembangunan di Km 9,0.0,1000000.0,128563586.0,1
0,Pembangunan di Km 9,0.0,6500.0,126207086.0,1
0,Pembangunan di Km 9,0.0,727000.0,125480086.0,1
0,Pembangunan di Km 9,0.0,10000000.0,115473586.0,1
0,Pembangunan di Km 9,0.0,2500000.0,110473586.0,1
0,Pembangunan di Km 9,0.0,750000.0,109723586.0,1
0,Pembangunan di Km 9,0.0,6500.0,109467086.0,1
0,Pembangunan di Km 9,0.0,1400000.0,98067086.0,1
0,Pembangunan di Km 9,0.0,300000.0,97767086.0,1
0,Pembangunan di Km 9,0.0,6500.0,97760586.0,1
0,Pembangunan di Km 9,0.0,4350000.0,93410586.0,1
0,Pembangunan di Km 9,0.0,909000.0,92501586.0,1
0,Pembangunan di Km 9,0.0,100000.0,92395086.0,1
0,Pembangunan di Km 9,0.0,3000.0,92392086.0,1
0,Pembangunan di Km 9,0.0,2176119.0,90215967.0,1
0,Pembangunan di Km 9,0.0,6500.0,89709467.0,1
0,Pembangunan di Km 9,0.0,700000.0,89009467.0,1
0,Pembangunan di Kariangau,0.0,1000000.0,88002967.0,1
0,Pembangunan di Km 9,0.0,6110000.0,81886467.0,1
0,Pembangunan di Km 9,0.0,5950500.0,75935967.0,1
0,Pembangunan di Km 9,0.0,1700000.0,74229467.0,1
3,Pembangunan di Kariangau,0.0,850000.0,73372967.0,1
0,Pembangunan di Km 9,0.0,6500.0,63366467.0,1
0,Setoran tunai,5000000.0,0.0,68366467.0,0
0,Pembangunan di Puncak Permai,0.0,6500.0,63359967.0,1
0,Pembangunan di Km 9,0.0,2000000.0,62209967.0,1
3,Pembangunan di Kariangau,0.0,6500.0,62203467.0,1
4,Pembangunan di Puncak Permai,0.0,6500.0,61596967.0,1
4,Pembangunan di Puncak Permai,0.0,15000000.0,46596967.0,1
0,Pembangunan di Km 9,0.0,6500.0,46360467.0,1
0,Pembangunan di Km 9,0.0,500000.0,45860467.0,1
0,Pembangunan di Km 9,0.0,6500.0,44853967.0,1
0,Pembangunan di Km 9,0.0,6500.0,44347467.0,1
4,Pembangunan di Puncak Permai,0.0,1250000.0,43097467.0,1
0,Pembangunan di Km 9,0.0,10391000.0,96706467.0,1
0,Pembangunan di Km 9,0.0,6500.0,96699967.0,1
0,Pembangunan di Km 9,0.0,6500.0,85193467.0,1
0,Pembangunan di Km 9,0.0,6500.0,345680467.0,1
0,Pembangunan di Km 9,0.0,10000000.0,335680467.0,1
0,Pembangunan di Km 9,0.0,6500.0,335673967.0,1
0,Pembangunan di Km 9,0.0,10000000.0,325673967.0,1
0,Pembangunan di Km 9,0.0,50000000.0,275673967.0,1
0,Pembangunan di Km 9,0.0,2000000.0,273667467.0,1
0,Pembangunan di Km 9,0.0,6500.0,273660967.0,1
0,Pembangunan di Km 9,0.0,5925500.0,167735467.0,1
0,Pembangunan di Km 9,0.0,400000.0,167335467.0,1
0,Pembangunan di Km 9,0.0,6500.0,167328967.0,1
0,Pembangunan di Km 9,0.0,5000000.0,160328967.0,1
0,Pembangunan di Km 9,0.0,600000.0,159722467.0,1
0,Pembangunan di Km 9,0.0,6500.0,159715967.0,1
0,Pembangunan di Km 9,0.0,168000.0,159547967.0,1
0,Pembangunan di Km 9,0.0,6500.0,159041467.0,1
0,Pembangunan di Km 9,0.0,735000.0,158306467.0,1
0,Pembangunan di Km 9,0.0,50000000.0,108299967.0,1
0,Pembangunan di Km 9,0.0,50000000.0,58293467.0,1
0,Pembangunan di Km 9,0.0,6500.0,58286967.0,1
0,Pembangunan di Km 9,0.0,6500.0,54280467.0,1
0,Pembangunan di Km 9,0.0,300000.0,69988157.0,1
0,Pembangunan di Km 9,0.0,6500.0,66981657.0,1
0,Pembangunan di Km 9,0.0,6500.0,66071157.0,1
0,Pembangunan di Km 9,0.0,1500000.0,64571157.0,1
0,Pembangunan di Km 9,0.0,6500.0,61064657.0,1
0,Pembangunan di Km 9,0.0,6500.0,60847157.0,1
0,Pembangunan di Km 9,1166000.0,0.0,62013157.0,0
0,Pembangunan di Km 9,0.0,200000.0,61038157.0,1
0,Pembangunan di Km 9,0.0,482000.0,60556157.0,1
0,Pembangunan di Km 9,0.0,2000000.0,58549657.0,1
0,Pembangunan di Km 9,0.0,870000.0,56879657.0,1
0,Pembangunan di Km 9,0.0,650000.0,56229657.0,1
0,Pembangunan di Km 9,0.0,543000.0,55686657.0,1
0,Pembangunan di Km 9,0.0,6500.0,55680157.0,1
0,Pembangunan di Km 9,0.0,950000.0,53730157.0,1
0,Pembangunan di Km 9,0.0,6500.0,53723657.0,1
0,Pembangunan di Km 9,0.0,500000.0,53223657.0,1
0,Pembangunan di Puncak Permai,0.0,5000000.0,48223657.0,1
0,Pembangunan di Km 9,0.0,6000000.0,42223657.0,1
0,Pembangunan di Km 9,0.0,1238000.0,40979157.0,1
0,Pembangunan di Km 9,0.0,3000.0,40976157.0,1
0,Pembangunan di Km 9,0.0,6500.0,39769657.0,1
4,Pembangunan di Puncak Permai,0.0,400000.0,39369657.0,1
0,Pembangunan di Km 9,0.0,6500.0,39363157.0,1
0,Pembangunan di Km 9,0.0,360000.0,38608157.0,1
0,Pembangunan di Km 9,76000000.0,0.0,84608157.0,0
0,Pembangunan di Km 9,0.0,50000000.0,330718657.0,1
0,Pembangunan di Km 9,0.0,6500.0,330712157.0,1
0,Pembangunan di Km 9,0.0,50000000.0,280712157.0,1
0,Pembangunan di Km 9,0.0,25290000.0,255415657.0,1
0,Pembangunan di Km 9,0.0,6500.0,255409157.0,1
0,Pembangunan di Km 9,0.0,6500.0,249002657.0,1
0,Pembangunan di Km 9,0.0,7000000.0,242002657.0,1
0,Pembangunan di Km 9,0.0,6400000.0,235602657.0,1
0,Pembangunan di Km 9,0.0,6400000.0,229202657.0,1
0,Pembangunan di Km 9,0.0,6500.0,229196157.0,1
0,Pembangunan di Km 9,0.0,100000000.0,129196157.0,1
0,Pembangunan di Km 9,0.0,61737500.0,67458657.0,1
0,Pembangunan di Km 9,0.0,50000000.0,17458657.0,1
0,Pembangunan di Km 9,0.0,6500.0,17452157.0,1
0,Pembangunan di Km 9,0.0,2000000.0,15452157.0,1
0,Pembangunan di Km 9,0.0,6500.0,15445657.0,1
0,Pembangunan di Km 9,0.0,2180000.0,13265657.0,1
0,Pembangunan di Km 9,0.0,6500.0,13259157.0,1
0,Pembangunan di Km 9,0.0,5837588.0,7421569.0,1
0,Pembangunan di Km 9,0.0,6500.0,7415069.0,1
0,Pembangunan di Km 9,0.0,6500.0,4433569.0,1
0,Pembangunan di Km 9,0.0,100000.0,7308569.0,1
0,Pembangunan di Km 9,0.0,675000.0,6630569.0,1
0,Pembangunan di Km 9,0.0,6500.0,6112376.0,1
0,Pembangunan di Km 9,0.0,6500.0,2690531.0,1
0,Pembangunan di Km 9,0.0,6500.0,2039031.0,1
0,Pembangunan di Km 9,5000000.0,0.0,7039031.0,0
0,Pembangunan di Km 9,0.0,1500000.0,5539031.0,1
0,Pembangunan di Km 9,0.0,6500.0,5532531.0,1
0,Pembangunan di Km 9,0.0,1500000.0,4032531.0,1
0,Pembangunan di Km 9,0.0,1500000.0,2526031.0,1
0,Pembangunan di Km 9,0.0,3000.0,2323031.0,1
0,Pembangunan di Km 9,0.0,630000.0,1693031.0,1
0,Pembangunan di Km 9,0.0,300000.0,1386531.0,1
0,Pembangunan di Km. 8,0.0,6500.0,1500031.0,1
0,Pembangunan di Km 9,0.0,6500.0,908531.0,1
0,Pembangunan di Km 9,0.0,400000.0,508531.0,1
5,Pembangunan di Km 8,0.0,6500.0,502031.0,1
5,Pembangunan di Km 8,1000000.0,0.0,1502031.0,0
5,Pembangunan di Km 8,0.0,700000.0,802031.0,1
0,Pembangunan di Km 9,0.0,100000.0,92741.0,1
0,Pembangunan di Km 9,0.0,3000.0,89741.0,1
0,Pembangunan di Km 9,0.0,250000.0,544741.0,1
0,Pembangunan di Km 9,0.0,25000.0,513241.0,1
0,Pembangunan di Km 9,0.0,1500.0,511741.0,1
0,Pembangunan di Km 9,18500000.0,0.0,19011741.0,0
0,Pembangunan di Km 9,0.0,90000.0,302741.0,1
0,Pembangunan di Km 9,0.0,50000.0,642741.0,1
0,Pembangunan di Km 9,0.0,402000.0,240741.0,1
0,Pembangunan di Km 9,87500000.0,0.0,87740741.0,0
4,Pembangunan di Puncak Permai,0.0,87500000.0,240741.0,1
3,Pembangunan di Kariangau,0.0,50000000.0,37740741.0,1
3,Pembangunan di Kariangau,0.0,37500000.0,234241.0,1
0,Pembangunan di Km 9,0.0,6500.0,227741.0,1
4,Pembangunan di Puncak Permai,0.0,70000.0,322741.0,1
4,Pembangunan di Puncak Permai,0.0,6500.0,316241.0,1
4,Pembangunan di Puncak Permai,0.0,2500000.0,9066241.0,1
0,Pembangunan di Km 9,2050000.0,0.0,2359741.0,0
0,Pembangunan di Km 9,0.0,6500.0,353241.0,1
0,Pembangunan di Km 9,2500000.0,0.0,2853241.0,0
0,Pembangunan di Km 9,0.0,2500000.0,353241.0,1
0,Pembangunan di Km 9,3500000.0,0.0,4093241.0,0
0,Pembangunan di Km 9,0.0,1460000.0,833241.0,1
0,Pembangunan di Km 9,0.0,6500.0,826741.0,1
3,Pembangunan di Kariangau,0.0,3000.0,723741.0,1
3,Pembangunan di Kariangau,0.0,250000.0,713741.0,1
0,Pembangunan di Km 9,0.0,150000.0,611741.0,1
0,Pembangunan di Km 9,3500000.0,0.0,4111741.0,0
0,Pembangunan di Km 9,0.0,3500000.0,611741.0,1
0,Pembangunan di Km 9,0.0,80000.0,525241.0,1
0,Pembangunan di Km 9,0.0,6500.0,518741.0,1
0,Pembangunan di Km 9,0.0,50000000.0,325806741.0,1
4,Pembangunan di Puncak Permai,0.0,6500.0,325800241.0,1
4,Pembangunan di Puncak Permai,0.0,50000000.0,275800241.0,1
0,Pembangunan di Km 9,0.0,50000000.0,225793741.0,1
0,Pembangunan di Km 9,0.0,5000000.0,220787241.0,1
0,Pembangunan di Km 9,0.0,6500.0,220780741.0,1
0,Pembangunan di Km 9,0.0,82150000.0,76630741.0,1
0,Pembangunan di Km 9,0.0,11455500.0,40255741.0,1
0,Pembangunan di Km 9,0.0,6500.0,35249241.0,1
0,Pembangunan di Km 9,0.0,528000.0,246241.0,1
0,Pembangunan di Km 9,0.0,6500.0,144826.0,1
0,Pembangunan di Km 9,0.0,540000.0,110826.0,1
0,Pembangunan di Km 9,0.0,672000.0,3326326.0,1
